반복,조사지,초장(cm)_분얼전기,유수길이(mm)_분얼전기,SPAD_분얼전기,LAI_분얼전기,생체중_분얼전기,건물중_분얼전기,건물중비율_분얼전기,초장(cm)_분얼후기,유수길이(mm)_분얼후기,SPAD_분얼후기,LAI_분얼후기,생체중_분얼후기,건물중_분얼후기,건물중비율_분얼후기,간장(cm)_개화기,수장(cm)_개화기,엽록소함량(µmol/m2)_개화기,군집(LAI)_개화기,경수(20*20cm2)_개화기,1수영화수_개화기,잎_생체중_개화기,잎_건물중_개화기,잎_건물중 비율_개화기,줄기_생체중_개화기,줄기_건물중_개화기,줄기_건물중 비율_개화기,종자_생체중_개화기,종자_건물중_개화기,종자_건물중 비율_개화기,전체_생체중_개화기,전체_건물중_개화기,전체_건물중 비율_개화기,간장(cm)_개화후2주,수장(cm)_개화후2주,엽록소함량(µmol/m2)_개화후2주,군집(LAI)_개화후2주,잎_생체중_개화후2주,잎_건물중_개화후2주,잎_건물중 비율_개화후2주,줄기_생체중_개화후2주,줄기_건물중_개화후2주,줄기_건물중 비율_개화후2주,종자_생체중_개화후2주,종자_건물중_개화후2주,종자_건물중 비율_개화후2주,전체_생체중_개화후2주,전체_건물중_개화후2주,전체_건물중 비율_개화후2주,간장(cm)_개화후4주,수장(cm)_개화후4주,엽록소함량(µmol/m2)_개화후4주,군집(LAI)_개화후4주,잎_생체중_개화후4주,잎_건물중_개화후4주,잎_건물중 비율_개화후4주,줄기_생체중_개화후4주,줄기_건물중_개화후4주,줄기_건물중 비율_개화후4주,종자_생체중_개화후4주,종자_건물중_개화후4주,종자_건물중 비율_개화후4주,전체_생체중_개화후4주,전체_건물중_개화후4주,전체_건물중 비율_개화후4주,간장(cm)_수확기,수장(cm)_수확기,엽록소함량(µmol/m2)_수확기,군집(LAI)_수확기,일수립수_수확기,수량(g/(50*50)cm2)_수확기,수량(g/m2)_수확기,잎_생체중_수확기,잎_건물중_수확기,잎_건물중 비율_수확기,줄기_생체중_수확기,줄기_건물중_수확기,줄기_건물중 비율_수확기,종자_생체중_수확기,종자_건물중_수확기,종자_건물중 비율_수확기,전체_생체중_수확기,전체_건물중_수확기,전체_건물중 비율_수확기,NDVI_분얼전_수확기,NDVI_분얼전기_수확기,NDVI_분얼후기_수확기,NDVI_개화기_수확기,NDVI_개화후2주_수확기,NDVI_개화후4주_수확기,NDVI_수확기_수확기,NDRE_분얼전_수확기,NDRE_분얼전기_수확기,NDRE_분얼후기_수확기,NDRE_개화기_수확기,NDRE_개화후2주_수확기,NDRE_개화후4주_수확기,NDRE_수확기_수확기,GNDVI_분얼전_수확기,GNDVI_분얼전기_수확기,GNDVI_분얼후기_수확기,GNDVI_개화기_수확기,GNDVI_개화후2주_수확기,GNDVI_개화후4주_수확기,GNDVI_수확기_수확기,RVI_분얼전_수확기,RVI_분얼전기_수확기,RVI_분얼후기_수확기,RVI_개화기_수확기,RVI_개화후2주_수확기,RVI_개화후4주_수확기,RVI_수확기_수확기,CVI_분얼전_수확기,CVI_분얼전기_수확기,CVI_분얼후기_수확기,CVI_개화기_수확기,CVI_개화후2주_수확기,CVI_개화후4주_수확기,CVI_수확기_수확기
1,Plot 1,20,1.5,37.6,0.07,15.65,3.28,20.95846645367412,34.5,37,40.6,0.56,47.19,10.66,22.58953168044077,37,7.0,46.4,0.75,20,38,24.26,6.27,25.84501236603462,55.79,13.28,23.80354902312242,18.43,5.55,30.113944655453068,71.89,17.73,24.66267909305884,53,7,43.9,0.98,,,,,,,,,,,,,46,7,11.3,0.24,4.12,3.47,84.2233009708738,36.02,15.88,44.086618545252634,38.24,22.6,59.10041841004185,85.44,45.9,53.72191011235955,52,7.8,7.6,0.79,31,18.21,72.84,3.85,3.5,90.9090909090909,16.42,14.24,86.72350791717417,23.08,21.48,93.0675909878683,60.66,51.81,85.41048466864491,0.245835661,0.417374382,0.596960245,0.717547439,0.516465452,0.381446627,0.376604273,0.091105674,0.168713916,0.25377661,0.319397123,0.222086978,0.135558649,0.190098474,0.390779324,0.49560941,0.607974297,0.70358071,0.624365747,0.560489751,0.503557659,1.686052784,2.557755067,4.136383148,6.261068066,3.151644276,2.254653093,2.755476351,0.022685341,0.037814957,0.009587413,0.010354007,0.010016433,0.007440714,0.011308561
1,Plot 1,20,1.5,37.6,0.07,15.65,3.28,20.95846645367412,34.5,37,40.6,0.56,47.19,10.66,22.58953168044077,37,7.0,46.4,0.75,20,38,24.26,6.27,25.84501236603462,55.79,13.28,23.80354902312242,18.43,5.55,30.113944655453068,71.89,17.73,24.66267909305884,53,7,43.9,0.98,,,,,,,,,,,,,46,7,11.3,0.24,4.12,3.47,84.2233009708738,36.02,15.88,44.086618545252634,38.24,22.6,59.10041841004185,85.44,45.9,53.72191011235955,52,7.8,7.6,0.79,31,18.21,72.84,3.09,2.67,86.40776699029126,14.68,11.48,78.2016348773842,22.85,21.07,92.21006564551422,33.83,28.94,85.54537392846586,0.245835661,0.417374382,0.596960245,0.717547439,0.516465452,0.381446627,0.376604273,0.091105674,0.168713916,0.25377661,0.319397123,0.222086978,0.135558649,0.190098474,0.390779324,0.49560941,0.607974297,0.70358071,0.624365747,0.560489751,0.503557659,1.686052784,2.557755067,4.136383148,6.261068066,3.151644276,2.254653093,2.755476351,0.022685341,0.037814957,0.009587413,0.010354007,0.010016433,0.007440714,0.011308561
1,Plot 1,20,1.5,37.6,0.07,15.65,3.28,20.95846645367412,34.5,37,40.6,0.56,47.19,10.66,22.58953168044077,37,7.0,46.4,0.75,20,38,24.26,6.27,25.84501236603462,55.79,13.28,23.80354902312242,18.43,5.55,30.113944655453068,71.89,17.73,24.66267909305884,53,7,43.9,0.98,,,,,,,,,,,,,46,7,11.3,0.24,4.12,3.47,84.2233009708738,36.02,15.88,44.086618545252634,38.24,22.6,59.10041841004185,85.44,45.9,53.72191011235955,52,7.8,7.6,0.79,31,18.21,72.84,2.93,2.7,92.15017064846417,16.65,11.87,71.29129129129129,24.53,22.11,90.13452914798205,43.47,38.22,87.92270531400966,0.245835661,0.417374382,0.596960245,0.717547439,0.516465452,0.381446627,0.376604273,0.091105674,0.168713916,0.25377661,0.319397123,0.222086978,0.135558649,0.190098474,0.390779324,0.49560941,0.607974297,0.70358071,0.624365747,0.560489751,0.503557659,1.686052784,2.557755067,4.136383148,6.261068066,3.151644276,2.254653093,2.755476351,0.022685341,0.037814957,0.009587413,0.010354007,0.010016433,0.007440714,0.011308561
2,Plot 1,22,1.2,38.1,0.07,10.25,1.96,19.121951219512194,35,31,41.6,0.6,56.18,14.3,25.453898184407265,38,8.0,46.8,0.79,25,41,19.68,5.44,27.64227642276423,31.014,8.6,27.72941252337654,13.64,4.13,30.278592375366564,67.74,14.85,21.92205491585474,55,6,46.6,1.1,,,,,,,,,,,,,46,9,12,0.25,4.3,3.52,81.86046511627907,41.57,17.67,42.506615347606456,54.07,30.3,56.03846865174773,73.66,40.07,54.39858810752105,50,6.5,10.5,0.77,15,14.05,56.2,3.85,3.5,90.9090909090909,16.42,14.24,86.72350791717417,23.08,21.48,93.0675909878683,60.66,51.81,85.41048466864491,0.148204633,0.177955054,0.486963531,0.690083066,0.746587208,0.594533822,0.506691719,0.060530877,0.086592054,0.201215258,0.304969873,0.295112195,0.174931161,0.195646655,0.334054888,0.359477694,0.551627002,0.692095554,0.693935892,0.638726166,0.5727411,1.35067871,1.438161355,3.097073029,5.855329538,7.179480851,4.069428607,4.132883272,0.017849419,0.03910211,0.008343182,0.014347843,0.012182865,0.009721367,0.021555238
2,Plot 1,22,1.2,38.1,0.07,10.25,1.96,19.121951219512194,35,31,41.6,0.6,56.18,14.3,25.453898184407265,38,8.0,46.8,0.79,25,41,19.68,5.44,27.64227642276423,31.014,8.6,27.72941252337654,13.64,4.13,30.278592375366564,67.74,14.85,21.92205491585474,55,6,46.6,1.1,,,,,,,,,,,,,46,9,12,0.25,4.3,3.52,81.86046511627907,41.57,17.67,42.506615347606456,54.07,30.3,56.03846865174773,73.66,40.07,54.39858810752105,50,6.5,10.5,0.77,15,14.05,56.2,3.09,2.67,86.40776699029126,14.68,11.48,78.2016348773842,22.85,21.07,92.21006564551422,33.83,28.94,85.54537392846586,0.148204633,0.177955054,0.486963531,0.690083066,0.746587208,0.594533822,0.506691719,0.060530877,0.086592054,0.201215258,0.304969873,0.295112195,0.174931161,0.195646655,0.334054888,0.359477694,0.551627002,0.692095554,0.693935892,0.638726166,0.5727411,1.35067871,1.438161355,3.097073029,5.855329538,7.179480851,4.069428607,4.132883272,0.017849419,0.03910211,0.008343182,0.014347843,0.012182865,0.009721367,0.021555238
2,Plot 1,22,1.2,38.1,0.07,10.25,1.96,19.121951219512194,35,31,41.6,0.6,56.18,14.3,25.453898184407265,38,8.0,46.8,0.79,25,41,19.68,5.44,27.64227642276423,31.014,8.6,27.72941252337654,13.64,4.13,30.278592375366564,67.74,14.85,21.92205491585474,55,6,46.6,1.1,,,,,,,,,,,,,46,9,12,0.25,4.3,3.52,81.86046511627907,41.57,17.67,42.506615347606456,54.07,30.3,56.03846865174773,73.66,40.07,54.39858810752105,50,6.5,10.5,0.77,15,14.05,56.2,2.93,2.7,92.15017064846417,16.65,11.87,71.29129129129129,24.53,22.11,90.13452914798205,43.47,38.22,87.92270531400966,0.148204633,0.177955054,0.486963531,0.690083066,0.746587208,0.594533822,0.506691719,0.060530877,0.086592054,0.201215258,0.304969873,0.295112195,0.174931161,0.195646655,0.334054888,0.359477694,0.551627002,0.692095554,0.693935892,0.638726166,0.5727411,1.35067871,1.438161355,3.097073029,5.855329538,7.179480851,4.069428607,4.132883272,0.017849419,0.03910211,0.008343182,0.014347843,0.012182865,0.009721367,0.021555238
3,Plot 1,18,1.5,38.7,0.07,14.59,3.5,23.989033584647018,35,30,42.9,0.61,48.45,11.98,24.726522187822496,50,6.0,48.3,0.82,27,45,23.48,6.24,26.575809199318567,42.13,12.15,28.839306907192025,17.34,5.18,29.873125720876587,76.37,20.99,27.484614377373312,55,8,47.6,1.1,9.01,3.69,40.95449500554939,28.68,11.34,39.53974895397489,25.98,9.83,37.83679753656659,59.35,18.71,31.524852569502947,48,7,12.5,0.31,4.27,3.5,81.96721311475412,36.49,15.5,42.47739106604549,36.93,20.12,54.4814513945302,80.36,41.84,52.065704330512695,50,7,5.8,0.7,37,9.82,39.28,3.85,3.5,90.9090909090909,16.42,14.24,86.72350791717417,23.08,21.48,93.0675909878683,60.66,51.81,85.41048466864491,0.138614357,0.181572971,0.482288072,0.618135795,0.758031094,0.619358416,0.489218611,0.056188844,0.086230704,0.188701424,0.257707831,0.30221576,0.182728573,0.186578386,0.320445133,0.356620907,0.543672675,0.652268672,0.696372881,0.651446264,0.569347131,1.324471776,1.450933771,2.964707578,4.588835153,7.491291448,4.442514658,3.652605996,0.021166164,0.039562578,0.007864614,0.01611818,0.011345377,0.009151594,0.024777427
3,Plot 1,18,1.5,38.7,0.07,14.59,3.5,23.989033584647018,35,30,42.9,0.61,48.45,11.98,24.726522187822496,50,6.0,48.3,0.82,27,45,23.48,6.24,26.575809199318567,42.13,12.15,28.839306907192025,17.34,5.18,29.873125720876587,76.37,20.99,27.484614377373312,55,8,47.6,1.1,9.01,3.69,40.95449500554939,28.68,11.34,39.53974895397489,25.98,9.83,37.83679753656659,59.35,18.71,31.524852569502947,48,7,12.5,0.31,4.27,3.5,81.96721311475412,36.49,15.5,42.47739106604549,36.93,20.12,54.4814513945302,80.36,41.84,52.065704330512695,50,7,5.8,0.7,37,9.82,39.28,3.09,2.67,86.40776699029126,14.68,11.48,78.2016348773842,22.85,21.07,92.21006564551422,33.83,28.94,85.54537392846586,0.138614357,0.181572971,0.482288072,0.618135795,0.758031094,0.619358416,0.489218611,0.056188844,0.086230704,0.188701424,0.257707831,0.30221576,0.182728573,0.186578386,0.320445133,0.356620907,0.543672675,0.652268672,0.696372881,0.651446264,0.569347131,1.324471776,1.450933771,2.964707578,4.588835153,7.491291448,4.442514658,3.652605996,0.021166164,0.039562578,0.007864614,0.01611818,0.011345377,0.009151594,0.024777427
3,Plot 1,18,1.5,38.7,0.07,14.59,3.5,23.989033584647018,35,30,42.9,0.61,48.45,11.98,24.726522187822496,50,6.0,48.3,0.82,27,45,23.48,6.24,26.575809199318567,42.13,12.15,28.839306907192025,17.34,5.18,29.873125720876587,76.37,20.99,27.484614377373312,55,8,47.6,1.1,9.01,3.69,40.95449500554939,28.68,11.34,39.53974895397489,25.98,9.83,37.83679753656659,59.35,18.71,31.524852569502947,48,7,12.5,0.31,4.27,3.5,81.96721311475412,36.49,15.5,42.47739106604549,36.93,20.12,54.4814513945302,80.36,41.84,52.065704330512695,50,7,5.8,0.7,37,9.82,39.28,2.93,2.7,92.15017064846417,16.65,11.87,71.29129129129129,24.53,22.11,90.13452914798205,43.47,38.22,87.92270531400966,0.138614357,0.181572971,0.482288072,0.618135795,0.758031094,0.619358416,0.489218611,0.056188844,0.086230704,0.188701424,0.257707831,0.30221576,0.182728573,0.186578386,0.320445133,0.356620907,0.543672675,0.652268672,0.696372881,0.651446264,0.569347131,1.324471776,1.450933771,2.964707578,4.588835153,7.491291448,4.442514658,3.652605996,0.021166164,0.039562578,0.007864614,0.01611818,0.011345377,0.009151594,0.024777427
1,Plot 2,19,1.5,38.4,0.08,16.52,3.66,22.15496368038741,37,36,44,0.75,46.42,10.36,22.31796639379578,39,7.0,45.8,1.04,32,43,23.07,6.57,28.47854356306892,55.58,15.46,27.815761065131344,24.83,8.49,34.19250906161901,99.07,25.98,26.223882103563138,54,6,45.3,1.31,21.23,5.58,26.283560998586907,56.86,21.96,38.62117481533591,37.49,13.41,35.76953854361163,113.9,40.56,35.61018437225636,53.5,7.5,8,0.62,8.31,4.25,51.143200962695545,41.1,15.94,38.783454987834546,43.41,21.67,49.91937341626354,131.2,59.66,45.47256097560975,62,6,6.4,0.65,33,30.38,121.52,3.72,3.42,91.93548387096774,19.44,15.06,77.46913580246914,31.93,30.37,95.11431255872222,65.05,53.39,82.07532667179093,0.125600627,0.170132311,0.425076654,0.56640686,0.732442866,0.735765227,0.681579791,0.050239914,0.083491138,0.186864796,0.274978048,0.325479456,0.282475402,0.260134313,0.31154748,0.354327596,0.516601831,0.648642357,0.708566369,0.716401016,0.621570258,1.28935935,1.415749475,2.532565714,3.828540021,6.6340651,6.969813735,7.034587035,0.024805452,0.047324495,0.010561551,0.016717617,0.011986313,0.00982915,0.018221127
1,Plot 2,19,1.5,38.4,0.08,16.52,3.66,22.15496368038741,37,36,44,0.75,46.42,10.36,22.31796639379578,39,7.0,45.8,1.04,32,43,23.07,6.57,28.47854356306892,55.58,15.46,27.815761065131344,24.83,8.49,34.19250906161901,99.07,25.98,26.223882103563138,54,6,45.3,1.31,21.23,5.58,26.283560998586907,56.86,21.96,38.62117481533591,37.49,13.41,35.76953854361163,113.9,40.56,35.61018437225636,53.5,7.5,8,0.62,8.31,4.25,51.143200962695545,41.1,15.94,38.783454987834546,43.41,21.67,49.91937341626354,131.2,59.66,45.47256097560975,62,6,6.4,0.65,33,30.38,121.52,3.1,2.84,91.61290322580643,18.83,13.74,72.96866702071164,31.18,28.95,92.8479794740218,42.78,37.66,88.03179055633473,0.125600627,0.170132311,0.425076654,0.56640686,0.732442866,0.735765227,0.681579791,0.050239914,0.083491138,0.186864796,0.274978048,0.325479456,0.282475402,0.260134313,0.31154748,0.354327596,0.516601831,0.648642357,0.708566369,0.716401016,0.621570258,1.28935935,1.415749475,2.532565714,3.828540021,6.6340651,6.969813735,7.034587035,0.024805452,0.047324495,0.010561551,0.016717617,0.011986313,0.00982915,0.018221127
1,Plot 2,19,1.5,38.4,0.08,16.52,3.66,22.15496368038741,37,36,44,0.75,46.42,10.36,22.31796639379578,39,7.0,45.8,1.04,32,43,23.07,6.57,28.47854356306892,55.58,15.46,27.815761065131344,24.83,8.49,34.19250906161901,99.07,25.98,26.223882103563138,54,6,45.3,1.31,21.23,5.58,26.283560998586907,56.86,21.96,38.62117481533591,37.49,13.41,35.76953854361163,113.9,40.56,35.61018437225636,53.5,7.5,8,0.62,8.31,4.25,51.143200962695545,41.1,15.94,38.783454987834546,43.41,21.67,49.91937341626354,131.2,59.66,45.47256097560975,62,6,6.4,0.65,33,30.38,121.52,4.12,3.61,87.62135922330097,25.08,19.08,76.07655502392345,37.01,35.19,95.08241015941637,54.95,45.94,83.60327570518652,0.125600627,0.170132311,0.425076654,0.56640686,0.732442866,0.735765227,0.681579791,0.050239914,0.083491138,0.186864796,0.274978048,0.325479456,0.282475402,0.260134313,0.31154748,0.354327596,0.516601831,0.648642357,0.708566369,0.716401016,0.621570258,1.28935935,1.415749475,2.532565714,3.828540021,6.6340651,6.969813735,7.034587035,0.024805452,0.047324495,0.010561551,0.016717617,0.011986313,0.00982915,0.018221127
2,Plot 2,18.5,1.5,38.8,0.08,9,1.86,20.666666666666668,38,31,44.3,0.86,48.09,10.73,22.3123310459555,43,7.0,49.2,1.05,27,41,24.09,5.92,24.574512245745122,34.59,8.73,25.23850823937554,7.56,2.45,32.40740740740741,97.58,24.47,25.0768600122976,54,8,46.3,1.37,17.41,5.04,28.948879954049396,56.17,21.95,39.07779953711945,31.6,11.71,37.05696202531646,76.51,26.03,34.0216965102601,55,6.299999999999997,10,0.63,11.11,5.08,45.72457245724573,53.66,20.97,39.07938874394335,50.78,25.23,49.684915320992516,100.98,45.97,45.5238661121014,52,6,4,1.04,20,52.74,210.96,3.72,3.42,91.93548387096774,19.44,15.06,77.46913580246914,31.93,30.37,95.11431255872222,65.05,53.39,82.07532667179093,0.134209179,0.160966969,0.507434807,0.64505641,0.852372897,0.811139825,0.678702308,0.05317902,0.071399527,0.22761772,0.321692625,0.422946809,0.325637738,0.297163129,0.332261979,0.340138892,0.575399256,0.690080695,0.770082561,0.753575408,0.662891217,1.311777059,1.390365718,3.316878293,5.239624044,12.79252439,10.76556312,9.019157084,0.019198565,0.040421344,0.0076756,0.014668927,0.009176702,0.008964167,0.022591683
2,Plot 2,18.5,1.5,38.8,0.08,9,1.86,20.666666666666668,38,31,44.3,0.86,48.09,10.73,22.3123310459555,43,7.0,49.2,1.05,27,41,24.09,5.92,24.574512245745122,34.59,8.73,25.23850823937554,7.56,2.45,32.40740740740741,97.58,24.47,25.0768600122976,54,8,46.3,1.37,17.41,5.04,28.948879954049396,56.17,21.95,39.07779953711945,31.6,11.71,37.05696202531646,76.51,26.03,34.0216965102601,55,6.299999999999997,10,0.63,11.11,5.08,45.72457245724573,53.66,20.97,39.07938874394335,50.78,25.23,49.684915320992516,100.98,45.97,45.5238661121014,52,6,4,1.04,20,52.74,210.96,3.1,2.84,91.61290322580643,18.83,13.74,72.96866702071164,31.18,28.95,92.8479794740218,42.78,37.66,88.03179055633473,0.134209179,0.160966969,0.507434807,0.64505641,0.852372897,0.811139825,0.678702308,0.05317902,0.071399527,0.22761772,0.321692625,0.422946809,0.325637738,0.297163129,0.332261979,0.340138892,0.575399256,0.690080695,0.770082561,0.753575408,0.662891217,1.311777059,1.390365718,3.316878293,5.239624044,12.79252439,10.76556312,9.019157084,0.019198565,0.040421344,0.0076756,0.014668927,0.009176702,0.008964167,0.022591683
2,Plot 2,18.5,1.5,38.8,0.08,9,1.86,20.666666666666668,38,31,44.3,0.86,48.09,10.73,22.3123310459555,43,7.0,49.2,1.05,27,41,24.09,5.92,24.574512245745122,34.59,8.73,25.23850823937554,7.56,2.45,32.40740740740741,97.58,24.47,25.0768600122976,54,8,46.3,1.37,17.41,5.04,28.948879954049396,56.17,21.95,39.07779953711945,31.6,11.71,37.05696202531646,76.51,26.03,34.0216965102601,55,6.299999999999997,10,0.63,11.11,5.08,45.72457245724573,53.66,20.97,39.07938874394335,50.78,25.23,49.684915320992516,100.98,45.97,45.5238661121014,52,6,4,1.04,20,52.74,210.96,4.12,3.61,87.62135922330097,25.08,19.08,76.07655502392345,37.01,35.19,95.08241015941637,54.95,45.94,83.60327570518652,0.134209179,0.160966969,0.507434807,0.64505641,0.852372897,0.811139825,0.678702308,0.05317902,0.071399527,0.22761772,0.321692625,0.422946809,0.325637738,0.297163129,0.332261979,0.340138892,0.575399256,0.690080695,0.770082561,0.753575408,0.662891217,1.311777059,1.390365718,3.316878293,5.239624044,12.79252439,10.76556312,9.019157084,0.019198565,0.040421344,0.0076756,0.014668927,0.009176702,0.008964167,0.022591683
3,Plot 2,17,1,39.2,0.09,17.97,3.83,21.313299944351698,39,41,44.9,0.88,54.87,13.38,24.38490978676873,52,7.0,53,0.93,32,44,21.25,5.44,25.6,44.19,11.56,26.159764652636348,14.09,4.33,30.73101490418737,91.52,22.42,24.497377622377627,55,7,47.4,1.43,7.65,3.06,40,31.66,12.89,40.71383449147189,24.2,8.83,36.48760330578513,40.49,15.28,37.73771301555939,55,7,14.9,0.66,6.35,4.1,64.56692913385827,50.89,20.41,40.10611122027903,52.63,28.01,53.22059661789854,62.57,30.23,48.31388844494167,50,6,12,0.96,24,75.57,302.28,3.72,3.42,91.93548387096774,19.44,15.06,77.46913580246914,31.93,30.37,95.11431255872222,65.05,53.39,82.07532667179093,0.122682468,0.216904886,0.712178613,0.868080172,0.846784293,0.658021889,0.403847132,0.047111036,0.096570411,0.341353136,0.488317942,0.496751372,0.271956777,0.222923644,0.308826943,0.376714525,0.678665824,0.812146119,0.803095363,0.707929594,0.591065351,1.281167173,1.564313616,6.67673662,14.50011958,12.18449097,4.923273172,2.78459295,0.03007805,0.042932477,0.006971523,0.009048278,0.009331737,0.008061834,0.017359428
3,Plot 2,17,1,39.2,0.09,17.97,3.83,21.313299944351698,39,41,44.9,0.88,54.87,13.38,24.38490978676873,52,7.0,53,0.93,32,44,21.25,5.44,25.6,44.19,11.56,26.159764652636348,14.09,4.33,30.73101490418737,91.52,22.42,24.497377622377627,55,7,47.4,1.43,7.65,3.06,40,31.66,12.89,40.71383449147189,24.2,8.83,36.48760330578513,40.49,15.28,37.73771301555939,55,7,14.9,0.66,6.35,4.1,64.56692913385827,50.89,20.41,40.10611122027903,52.63,28.01,53.22059661789854,62.57,30.23,48.31388844494167,50,6,12,0.96,24,75.57,302.28,3.1,2.84,91.61290322580643,18.83,13.74,72.96866702071164,31.18,28.95,92.8479794740218,42.78,37.66,88.03179055633473,0.122682468,0.216904886,0.712178613,0.868080172,0.846784293,0.658021889,0.403847132,0.047111036,0.096570411,0.341353136,0.488317942,0.496751372,0.271956777,0.222923644,0.308826943,0.376714525,0.678665824,0.812146119,0.803095363,0.707929594,0.591065351,1.281167173,1.564313616,6.67673662,14.50011958,12.18449097,4.923273172,2.78459295,0.03007805,0.042932477,0.006971523,0.009048278,0.009331737,0.008061834,0.017359428
3,Plot 2,17,1,39.2,0.09,17.97,3.83,21.313299944351698,39,41,44.9,0.88,54.87,13.38,24.38490978676873,52,7.0,53,0.93,32,44,21.25,5.44,25.6,44.19,11.56,26.159764652636348,14.09,4.33,30.73101490418737,91.52,22.42,24.497377622377627,55,7,47.4,1.43,7.65,3.06,40,31.66,12.89,40.71383449147189,24.2,8.83,36.48760330578513,40.49,15.28,37.73771301555939,55,7,14.9,0.66,6.35,4.1,64.56692913385827,50.89,20.41,40.10611122027903,52.63,28.01,53.22059661789854,62.57,30.23,48.31388844494167,50,6,12,0.96,24,75.57,302.28,4.12,3.61,87.62135922330097,25.08,19.08,76.07655502392345,37.01,35.19,95.08241015941637,54.95,45.94,83.60327570518652,0.122682468,0.216904886,0.712178613,0.868080172,0.846784293,0.658021889,0.403847132,0.047111036,0.096570411,0.341353136,0.488317942,0.496751372,0.271956777,0.222923644,0.308826943,0.376714525,0.678665824,0.812146119,0.803095363,0.707929594,0.591065351,1.281167173,1.564313616,6.67673662,14.50011958,12.18449097,4.923273172,2.78459295,0.03007805,0.042932477,0.006971523,0.009048278,0.009331737,0.008061834,0.017359428
1,Plot 3,20,0.5,41.2,0.19,21.1,4.4,20.85308056872038,37.5,33,43.4,0.77,60.15,12.73,21.16375727348296,53,5.0,51.8,1.13,30,49,26.5,6.76,25.50943396226415,56.48,14.76,26.133144475920684,26.93,8.15,30.26364649090234,82.43,20.36,24.69974523838408,63,8,48.1,1.63,16.11,4.87,30.22967101179392,62.03,24.42,39.36804771884572,37.05,13.18,35.57354925775979,89.91,31.06,34.54565676787899,59,5,32.2,0.28,5.1,3.57,70,38.65,15.49,40.07761966364813,52.7,30.79,58.42504743833017,154.4,76.8,49.740932642487046,49,6.5,6,0.7,35,72.42,289.68,3.73,3.54,94.90616621983914,19.61,16.89,86.12952575216727,35.89,34.26,95.45834494288103,68.0,58.0,85.29411764705883,0.173067434,0.26849374,0.771852405,0.879321047,0.842320296,0.542143417,0.320449883,0.064007669,0.126326883,0.382139333,0.518847897,0.485203645,0.206069121,0.195052051,0.350368073,0.42629559,0.71747431,0.828958012,0.801370202,0.668511957,0.542900516,1.422700545,1.75577068,8.079480428,15.83601366,11.74421425,3.382646484,2.160677163,0.030063757,0.040728021,0.00728228,0.008160773,0.009274376,0.008502889,0.012158508
1,Plot 3,20,0.5,41.2,0.19,21.1,4.4,20.85308056872038,37.5,33,43.4,0.77,60.15,12.73,21.16375727348296,53,5.0,51.8,1.13,30,49,26.5,6.76,25.50943396226415,56.48,14.76,26.133144475920684,26.93,8.15,30.26364649090234,82.43,20.36,24.69974523838408,63,8,48.1,1.63,16.11,4.87,30.22967101179392,62.03,24.42,39.36804771884572,37.05,13.18,35.57354925775979,89.91,31.06,34.54565676787899,59,5,32.2,0.28,5.1,3.57,70,38.65,15.49,40.07761966364813,52.7,30.79,58.42504743833017,154.4,76.8,49.740932642487046,49,6.5,6,0.7,35,72.42,289.68,3.14,2.96,94.26751592356688,17.54,13.9,79.24743443557584,33.38,31.81,95.29658478130617,64.57,54.5,84.40452222394302,0.173067434,0.26849374,0.771852405,0.879321047,0.842320296,0.542143417,0.320449883,0.064007669,0.126326883,0.382139333,0.518847897,0.485203645,0.206069121,0.195052051,0.350368073,0.42629559,0.71747431,0.828958012,0.801370202,0.668511957,0.542900516,1.422700545,1.75577068,8.079480428,15.83601366,11.74421425,3.382646484,2.160677163,0.030063757,0.040728021,0.00728228,0.008160773,0.009274376,0.008502889,0.012158508
1,Plot 3,20,0.5,41.2,0.19,21.1,4.4,20.85308056872038,37.5,33,43.4,0.77,60.15,12.73,21.16375727348296,53,5.0,51.8,1.13,30,49,26.5,6.76,25.50943396226415,56.48,14.76,26.133144475920684,26.93,8.15,30.26364649090234,82.43,20.36,24.69974523838408,63,8,48.1,1.63,16.11,4.87,30.22967101179392,62.03,24.42,39.36804771884572,37.05,13.18,35.57354925775979,89.91,31.06,34.54565676787899,59,5,32.2,0.28,5.1,3.57,70,38.65,15.49,40.07761966364813,52.7,30.79,58.42504743833017,154.4,76.8,49.740932642487046,49,6.5,6,0.7,35,72.42,289.68,4.34,4.02,92.62672811059907,23.09,19.44,84.19229103508013,42.42,40.24,94.86091466289486,75.77,53.6,70.74039857463377,0.173067434,0.26849374,0.771852405,0.879321047,0.842320296,0.542143417,0.320449883,0.064007669,0.126326883,0.382139333,0.518847897,0.485203645,0.206069121,0.195052051,0.350368073,0.42629559,0.71747431,0.828958012,0.801370202,0.668511957,0.542900516,1.422700545,1.75577068,8.079480428,15.83601366,11.74421425,3.382646484,2.160677163,0.030063757,0.040728021,0.00728228,0.008160773,0.009274376,0.008502889,0.012158508
2,Plot 3,22.5,1,41.2,0.19,15.81,3.39,21.44212523719165,39,46,43.4,0.8,55.75,12.06,21.632286995515695,56,8.0,58.3,1.73,30,46,18.54,5.18,27.939590075512406,59.36,13.94,23.483827493261455,23.18,7.07,30.500431406384816,129.25,28.14,21.771760154738878,64,7,48.3,1.67,13.53,3.82,28.233555062823356,44.57,22.93,51.44716176800538,29.66,10.29,34.693189480782195,100.97,32.92,32.60374368624344,62,6,34.8,0.29,6.51,4.64,71.27496159754224,54.18,23.41,43.2078257659653,79.89,41.52,51.971460758542996,116.21,57.2,49.22123741502453,51,6.5,11.7,0.7,25,89.51,358.04,3.73,3.54,94.90616621983914,19.61,16.89,86.12952575216727,35.89,34.26,95.45834494288103,68.0,58.0,85.29411764705883,0.23078815,0.460359749,0.87748152,0.908448632,0.815948886,0.459011455,0.311165656,0.08303288,0.199800537,0.510266989,0.579717323,0.49890963,0.185824106,0.195950113,0.385104637,0.52410873,0.801515286,0.857565993,0.806994762,0.634322944,0.547575246,1.618005651,2.890591975,15.49284553,20.93126465,10.28673495,2.716529204,1.998996948,0.028814634,0.033889856,0.006378609,0.008097816,0.012398498,0.008563441,0.016335572
2,Plot 3,22.5,1,41.2,0.19,15.81,3.39,21.44212523719165,39,46,43.4,0.8,55.75,12.06,21.632286995515695,56,8.0,58.3,1.73,30,46,18.54,5.18,27.939590075512406,59.36,13.94,23.483827493261455,23.18,7.07,30.500431406384816,129.25,28.14,21.771760154738878,64,7,48.3,1.67,13.53,3.82,28.233555062823356,44.57,22.93,51.44716176800538,29.66,10.29,34.693189480782195,100.97,32.92,32.60374368624344,62,6,34.8,0.29,6.51,4.64,71.27496159754224,54.18,23.41,43.2078257659653,79.89,41.52,51.971460758542996,116.21,57.2,49.22123741502453,51,6.5,11.7,0.7,25,89.51,358.04,3.14,2.96,94.26751592356688,17.54,13.9,79.24743443557584,33.38,31.81,95.29658478130617,64.57,54.5,84.40452222394302,0.23078815,0.460359749,0.87748152,0.908448632,0.815948886,0.459011455,0.311165656,0.08303288,0.199800537,0.510266989,0.579717323,0.49890963,0.185824106,0.195950113,0.385104637,0.52410873,0.801515286,0.857565993,0.806994762,0.634322944,0.547575246,1.618005651,2.890591975,15.49284553,20.93126465,10.28673495,2.716529204,1.998996948,0.028814634,0.033889856,0.006378609,0.008097816,0.012398498,0.008563441,0.016335572
2,Plot 3,22.5,1,41.2,0.19,15.81,3.39,21.44212523719165,39,46,43.4,0.8,55.75,12.06,21.632286995515695,56,8.0,58.3,1.73,30,46,18.54,5.18,27.939590075512406,59.36,13.94,23.483827493261455,23.18,7.07,30.500431406384816,129.25,28.14,21.771760154738878,64,7,48.3,1.67,13.53,3.82,28.233555062823356,44.57,22.93,51.44716176800538,29.66,10.29,34.693189480782195,100.97,32.92,32.60374368624344,62,6,34.8,0.29,6.51,4.64,71.27496159754224,54.18,23.41,43.2078257659653,79.89,41.52,51.971460758542996,116.21,57.2,49.22123741502453,51,6.5,11.7,0.7,25,89.51,358.04,4.34,4.02,92.62672811059907,23.09,19.44,84.19229103508013,42.42,40.24,94.86091466289486,75.77,53.6,70.74039857463377,0.23078815,0.460359749,0.87748152,0.908448632,0.815948886,0.459011455,0.311165656,0.08303288,0.199800537,0.510266989,0.579717323,0.49890963,0.185824106,0.195950113,0.385104637,0.52410873,0.801515286,0.857565993,0.806994762,0.634322944,0.547575246,1.618005651,2.890591975,15.49284553,20.93126465,10.28673495,2.716529204,1.998996948,0.028814634,0.033889856,0.006378609,0.008097816,0.012398498,0.008563441,0.016335572
3,Plot 3,21.5,2,41.7,0.2,15.27,3.11,20.36673215455141,39,35,45.3,0.95,45.71,10.65,23.299059286808138,50,8.0,50.9,1.13,33,46,22.87,6.3,27.54700480979449,40.85,10.09,24.700122399020806,11.85,4.16,35.105485232067515,89.4,21.89,24.485458612975393,64,8,49.1,1.76,17.25,4.71,27.304347826086957,59.62,16.04,26.90372358269037,35.02,12.27,35.03712164477441,89.99,30.75,34.170463384820536,63,6,35.5,0.65,6.56,4.33,66.00609756097562,58.18,22.1,37.985562048814025,72.72,40.94,56.2981298129813,112.63,54.39,48.29086389061529,46,6.5,18.7,0.72,23,60.55,242.2,3.73,3.54,94.90616621983914,19.61,16.89,86.12952575216727,35.89,34.26,95.45834494288103,68.0,58.0,85.29411764705883,0.152087433,0.205217461,0.659999954,0.852102166,0.841512168,0.620673807,0.392085229,0.05428252,0.096539409,0.305823319,0.482772409,0.478606968,0.2413033,0.205452029,0.343943952,0.3906946,0.652680684,0.805977883,0.800342445,0.692641308,0.564039795,1.361288853,1.526696232,5.28749329,12.91218258,11.79222149,4.297298251,2.48333203,0.021607276,0.041343915,0.008942411,0.009360206,0.012879105,0.007633019,0.01371302
3,Plot 3,21.5,2,41.7,0.2,15.27,3.11,20.36673215455141,39,35,45.3,0.95,45.71,10.65,23.299059286808138,50,8.0,50.9,1.13,33,46,22.87,6.3,27.54700480979449,40.85,10.09,24.700122399020806,11.85,4.16,35.105485232067515,89.4,21.89,24.485458612975393,64,8,49.1,1.76,17.25,4.71,27.304347826086957,59.62,16.04,26.90372358269037,35.02,12.27,35.03712164477441,89.99,30.75,34.170463384820536,63,6,35.5,0.65,6.56,4.33,66.00609756097562,58.18,22.1,37.985562048814025,72.72,40.94,56.2981298129813,112.63,54.39,48.29086389061529,46,6.5,18.7,0.72,23,60.55,242.2,3.14,2.96,94.26751592356688,17.54,13.9,79.24743443557584,33.38,31.81,95.29658478130617,64.57,54.5,84.40452222394302,0.152087433,0.205217461,0.659999954,0.852102166,0.841512168,0.620673807,0.392085229,0.05428252,0.096539409,0.305823319,0.482772409,0.478606968,0.2413033,0.205452029,0.343943952,0.3906946,0.652680684,0.805977883,0.800342445,0.692641308,0.564039795,1.361288853,1.526696232,5.28749329,12.91218258,11.79222149,4.297298251,2.48333203,0.021607276,0.041343915,0.008942411,0.009360206,0.012879105,0.007633019,0.01371302
3,Plot 3,21.5,2,41.7,0.2,15.27,3.11,20.36673215455141,39,35,45.3,0.95,45.71,10.65,23.299059286808138,50,8.0,50.9,1.13,33,46,22.87,6.3,27.54700480979449,40.85,10.09,24.700122399020806,11.85,4.16,35.105485232067515,89.4,21.89,24.485458612975393,64,8,49.1,1.76,17.25,4.71,27.304347826086957,59.62,16.04,26.90372358269037,35.02,12.27,35.03712164477441,89.99,30.75,34.170463384820536,63,6,35.5,0.65,6.56,4.33,66.00609756097562,58.18,22.1,37.985562048814025,72.72,40.94,56.2981298129813,112.63,54.39,48.29086389061529,46,6.5,18.7,0.72,23,60.55,242.2,4.34,4.02,92.62672811059907,23.09,19.44,84.19229103508013,42.42,40.24,94.86091466289486,75.77,53.6,70.74039857463377,0.152087433,0.205217461,0.659999954,0.852102166,0.841512168,0.620673807,0.392085229,0.05428252,0.096539409,0.305823319,0.482772409,0.478606968,0.2413033,0.205452029,0.343943952,0.3906946,0.652680684,0.805977883,0.800342445,0.692641308,0.564039795,1.361288853,1.526696232,5.28749329,12.91218258,11.79222149,4.297298251,2.48333203,0.021607276,0.041343915,0.008942411,0.009360206,0.012879105,0.007633019,0.01371302
1,Plot 4,20.5,1.5,35.7,0.07,11.19,2.31,20.643431635388744,38,45,44.3,1.09,70.34,16.45,23.38640887119704,62,8.0,50.5,1.73,23,44,20.82,5.23,25.12007684918348,43.97,10.59,24.084603138503525,16.14,4.83,29.92565055762082,116.63,26.19,22.455628911943755,64,7,48.5,2.23,23.13,5.92,25.594466061392136,74.35,28.9,38.87020847343645,46.43,16.52,35.580443678656046,113.51,47.01,41.414853316888376,56.5,6,17.4,0.33,3.97,2.99,75.31486146095719,49.27,18.7,37.95413030241526,61.22,34.45,56.27245998039857,92.49,47.65,51.51908314412369,65,7.5,13.2,1.33,31,67.92,271.68,5.63,4.64,82.41563055062167,34.16,18.64,54.56674473067916,42.06,39.61,94.17498811222063,105.6,73.4,69.50757575757576,0.143441683,0.221988449,0.750845133,0.882827364,0.846657292,0.474682045,0.271589667,0.056606811,0.109097799,0.351266683,0.494539386,0.454668781,0.160773964,0.162308437,0.3304906,0.394992608,0.692097175,0.817159917,0.78565402,0.641088761,0.488778929,1.337072941,1.587706736,7.392151842,16.22224024,12.12090585,2.824781926,1.86011449,0.031762501,0.042547763,0.008601005,0.008823242,0.010704058,0.011472269,0.014210549
1,Plot 4,20.5,1.5,35.7,0.07,11.19,2.31,20.643431635388744,38,45,44.3,1.09,70.34,16.45,23.38640887119704,62,8.0,50.5,1.73,23,44,20.82,5.23,25.12007684918348,43.97,10.59,24.084603138503525,16.14,4.83,29.92565055762082,116.63,26.19,22.455628911943755,64,7,48.5,2.23,23.13,5.92,25.594466061392136,74.35,28.9,38.87020847343645,46.43,16.52,35.580443678656046,113.51,47.01,41.414853316888376,56.5,6,17.4,0.33,3.97,2.99,75.31486146095719,49.27,18.7,37.95413030241526,61.22,34.45,56.27245998039857,92.49,47.65,51.51908314412369,65,7.5,13.2,1.33,31,67.92,271.68,5.27,4.49,85.19924098671729,50.16,24.79,49.421850079744814,50.38,47.57,94.42238983723699,79.82,55.44,69.45627662240041,0.143441683,0.221988449,0.750845133,0.882827364,0.846657292,0.474682045,0.271589667,0.056606811,0.109097799,0.351266683,0.494539386,0.454668781,0.160773964,0.162308437,0.3304906,0.394992608,0.692097175,0.817159917,0.78565402,0.641088761,0.488778929,1.337072941,1.587706736,7.392151842,16.22224024,12.12090585,2.824781926,1.86011449,0.031762501,0.042547763,0.008601005,0.008823242,0.010704058,0.011472269,0.014210549
1,Plot 4,20.5,1.5,35.7,0.07,11.19,2.31,20.643431635388744,38,45,44.3,1.09,70.34,16.45,23.38640887119704,62,8.0,50.5,1.73,23,44,20.82,5.23,25.12007684918348,43.97,10.59,24.084603138503525,16.14,4.83,29.92565055762082,116.63,26.19,22.455628911943755,64,7,48.5,2.23,23.13,5.92,25.594466061392136,74.35,28.9,38.87020847343645,46.43,16.52,35.580443678656046,113.51,47.01,41.414853316888376,56.5,6,17.4,0.33,3.97,2.99,75.31486146095719,49.27,18.7,37.95413030241526,61.22,34.45,56.27245998039857,92.49,47.65,51.51908314412369,65,7.5,13.2,1.33,31,67.92,271.68,7.36,5.45,74.04891304347827,42.3,21.74,51.39479905437352,41.69,39.29,94.24322379467498,,,,0.143441683,0.221988449,0.750845133,0.882827364,0.846657292,0.474682045,0.271589667,0.056606811,0.109097799,0.351266683,0.494539386,0.454668781,0.160773964,0.162308437,0.3304906,0.394992608,0.692097175,0.817159917,0.78565402,0.641088761,0.488778929,1.337072941,1.587706736,7.392151842,16.22224024,12.12090585,2.824781926,1.86011449,0.031762501,0.042547763,0.008601005,0.008823242,0.010704058,0.011472269,0.014210549
2,Plot 4,22,1.5,36.2,0.07,10.76,2.22,20.63197026022305,39,31,44.3,1.1,44.15,10.68,24.19026047565119,65,6.0,53.6,1.86,25,40,19.23,5.09,26.469058762350496,43.95,10.36,23.57224118316268,16.95,5.08,29.97050147492625,149.3,28.04,18.780977896851976,64,8,48.6,2.27,16.7,4.5,26.94610778443114,55.95,21.82,38.999106344950846,28.86,10.32,35.75883575883576,140.35,46.85,33.38083363021019,57,6,20.3,0.34,4.04,3.12,77.22772277227723,43.1,18.24,42.32018561484918,60.64,34,56.068601583113455,110.46,51.87,46.958174904942965,54,7,6.6,0.55,49,72.84,291.36,5.63,4.64,82.41563055062167,34.16,18.64,54.56674473067916,42.06,39.61,94.17498811222063,105.6,73.4,69.50757575757576,0.16501863,0.2666277,0.806827763,0.910095817,0.890270486,0.624149298,0.31623441,0.063375416,0.121014063,0.405756033,0.537725218,0.531387904,0.236048489,0.18482682,0.347328196,0.419424065,0.735689079,0.839883959,0.827086341,0.694384006,0.546379286,1.399634807,1.7656609,10.08168115,21.38101225,17.30349859,4.354037511,2.139235978,0.02596453,0.042120148,0.006976588,0.008273902,0.009846031,0.009402491,0.015585969
2,Plot 4,22,1.5,36.2,0.07,10.76,2.22,20.63197026022305,39,31,44.3,1.1,44.15,10.68,24.19026047565119,65,6.0,53.6,1.86,25,40,19.23,5.09,26.469058762350496,43.95,10.36,23.57224118316268,16.95,5.08,29.97050147492625,149.3,28.04,18.780977896851976,64,8,48.6,2.27,16.7,4.5,26.94610778443114,55.95,21.82,38.999106344950846,28.86,10.32,35.75883575883576,140.35,46.85,33.38083363021019,57,6,20.3,0.34,4.04,3.12,77.22772277227723,43.1,18.24,42.32018561484918,60.64,34,56.068601583113455,110.46,51.87,46.958174904942965,54,7,6.6,0.55,49,72.84,291.36,5.27,4.49,85.19924098671729,50.16,24.79,49.421850079744814,50.38,47.57,94.42238983723699,79.82,55.44,69.45627662240041,0.16501863,0.2666277,0.806827763,0.910095817,0.890270486,0.624149298,0.31623441,0.063375416,0.121014063,0.405756033,0.537725218,0.531387904,0.236048489,0.18482682,0.347328196,0.419424065,0.735689079,0.839883959,0.827086341,0.694384006,0.546379286,1.399634807,1.7656609,10.08168115,21.38101225,17.30349859,4.354037511,2.139235978,0.02596453,0.042120148,0.006976588,0.008273902,0.009846031,0.009402491,0.015585969
2,Plot 4,22,1.5,36.2,0.07,10.76,2.22,20.63197026022305,39,31,44.3,1.1,44.15,10.68,24.19026047565119,65,6.0,53.6,1.86,25,40,19.23,5.09,26.469058762350496,43.95,10.36,23.57224118316268,16.95,5.08,29.97050147492625,149.3,28.04,18.780977896851976,64,8,48.6,2.27,16.7,4.5,26.94610778443114,55.95,21.82,38.999106344950846,28.86,10.32,35.75883575883576,140.35,46.85,33.38083363021019,57,6,20.3,0.34,4.04,3.12,77.22772277227723,43.1,18.24,42.32018561484918,60.64,34,56.068601583113455,110.46,51.87,46.958174904942965,54,7,6.6,0.55,49,72.84,291.36,7.36,5.45,74.04891304347827,42.3,21.74,51.39479905437352,41.69,39.29,94.24322379467498,,,,0.16501863,0.2666277,0.806827763,0.910095817,0.890270486,0.624149298,0.31623441,0.063375416,0.121014063,0.405756033,0.537725218,0.531387904,0.236048489,0.18482682,0.347328196,0.419424065,0.735689079,0.839883959,0.827086341,0.694384006,0.546379286,1.399634807,1.7656609,10.08168115,21.38101225,17.30349859,4.354037511,2.139235978,0.02596453,0.042120148,0.006976588,0.008273902,0.009846031,0.009402491,0.015585969
3,Plot 4,24,2.3,36.4,0.08,15.68,3.11,19.83418367346939,40,38,44.5,1.15,,,,64,7.0,52.2,1.6,32,46,30.01,7.76,25.85804731756081,61.7,15.03,24.359805510534844,27.84,8.26,29.669540229885055,157.33,36.78,23.37761393249857,65,7,48.6,2.31,19.02,4.73,24.868559411146165,60.95,20.89,34.27399507793273,31.69,11.04,34.83748816661407,91.25,33.19,36.37260273972602,59,5,22,0.35,4.22,3.16,74.88151658767774,49.34,19.12,38.7515200648561,54.15,30.42,56.17728531855957,137.81,62.74,45.526449459400624,51,6.5,16.4,0.6,25,109.46,437.84,5.63,4.64,82.41563055062167,34.16,18.64,54.56674473067916,42.06,39.61,94.17498811222063,105.6,73.4,69.50757575757576,0.211512742,0.354819512,0.813829995,0.901350251,0.877729556,0.604227964,0.304164703,0.082539823,0.15837224,0.4288351,0.545868386,0.538556006,0.242215002,0.186778154,0.392955816,0.469393114,0.749773159,0.840806123,0.830474676,0.693296157,0.549297402,1.549712858,2.221957205,11.21881246,19.42022677,15.42887473,4.097599865,2.037035431,0.019648644,0.035929217,0.008368536,0.007800066,0.00949863,0.008747689,0.013968842
3,Plot 4,24,2.3,36.4,0.08,15.68,3.11,19.83418367346939,40,38,44.5,1.15,,,,64,7.0,52.2,1.6,32,46,30.01,7.76,25.85804731756081,61.7,15.03,24.359805510534844,27.84,8.26,29.669540229885055,157.33,36.78,23.37761393249857,65,7,48.6,2.31,19.02,4.73,24.868559411146165,60.95,20.89,34.27399507793273,31.69,11.04,34.83748816661407,91.25,33.19,36.37260273972602,59,5,22,0.35,4.22,3.16,74.88151658767774,49.34,19.12,38.7515200648561,54.15,30.42,56.17728531855957,137.81,62.74,45.526449459400624,51,6.5,16.4,0.6,25,109.46,437.84,5.27,4.49,85.19924098671729,50.16,24.79,49.421850079744814,50.38,47.57,94.42238983723699,79.82,55.44,69.45627662240041,0.211512742,0.354819512,0.813829995,0.901350251,0.877729556,0.604227964,0.304164703,0.082539823,0.15837224,0.4288351,0.545868386,0.538556006,0.242215002,0.186778154,0.392955816,0.469393114,0.749773159,0.840806123,0.830474676,0.693296157,0.549297402,1.549712858,2.221957205,11.21881246,19.42022677,15.42887473,4.097599865,2.037035431,0.019648644,0.035929217,0.008368536,0.007800066,0.00949863,0.008747689,0.013968842
3,Plot 4,24,2.3,36.4,0.08,15.68,3.11,19.83418367346939,40,38,44.5,1.15,,,,64,7.0,52.2,1.6,32,46,30.01,7.76,25.85804731756081,61.7,15.03,24.359805510534844,27.84,8.26,29.669540229885055,157.33,36.78,23.37761393249857,65,7,48.6,2.31,19.02,4.73,24.868559411146165,60.95,20.89,34.27399507793273,31.69,11.04,34.83748816661407,91.25,33.19,36.37260273972602,59,5,22,0.35,4.22,3.16,74.88151658767774,49.34,19.12,38.7515200648561,54.15,30.42,56.17728531855957,137.81,62.74,45.526449459400624,51,6.5,16.4,0.6,25,109.46,437.84,7.36,5.45,74.04891304347827,42.3,21.74,51.39479905437352,41.69,39.29,94.24322379467498,,,,0.211512742,0.354819512,0.813829995,0.901350251,0.877729556,0.604227964,0.304164703,0.082539823,0.15837224,0.4288351,0.545868386,0.538556006,0.242215002,0.186778154,0.392955816,0.469393114,0.749773159,0.840806123,0.830474676,0.693296157,0.549297402,1.549712858,2.221957205,11.21881246,19.42022677,15.42887473,4.097599865,2.037035431,0.019648644,0.035929217,0.008368536,0.007800066,0.00949863,0.008747689,0.013968842
1,Plot 5,22,2,27.5,0.23,17.28,3.56,20.60185185185185,37,40,36.8,0.86,57.5,13.36,23.23478260869565,46,7.0,48.5,0.84,31,39,20.76,6.02,28.998073217726393,47.95,13.56,28.279457768508863,18.21,6.28,34.486545853926415,69.14,17.73,25.64362163725774,60,6,42.7,0.71,12.75,4.21,33.01960784313726,52.97,22.14,41.797243722862,40.52,14.56,35.932872655478775,107.58,44.18,41.06711284625395,51,6.5,28.2,0.23,3.5,3.12,89.14285714285714,42.16,18.7,44.354838709677416,51.5,29.96,58.174757281553404,107.16,55.0,51.325121313923106,55,7,9.8,0.48,28,41.73,166.92,3.49,3.33,95.41547277936962,23.14,18.63,80.50993949870355,41.15,38.02,92.3936816524909,72.09,61.28,85.00485504230822,0.121612217,0.180993615,0.514828067,0.610844311,0.659248658,0.55612037,0.450536461,0.041948785,0.086906763,0.233080412,0.293062205,0.281607013,0.187013438,0.171232861,0.309421976,0.37223864,0.576336699,0.670071028,0.682161157,0.644277872,0.509794443,1.279004774,1.457249976,3.37321072,4.692292404,4.963780386,3.670501832,3.049710056,0.030536742,0.053888894,0.010766914,0.016473517,0.010421249,0.00915279,0.012943121
1,Plot 5,22,2,27.5,0.23,17.28,3.56,20.60185185185185,37,40,36.8,0.86,57.5,13.36,23.23478260869565,46,7.0,48.5,0.84,31,39,20.76,6.02,28.998073217726393,47.95,13.56,28.279457768508863,18.21,6.28,34.486545853926415,69.14,17.73,25.64362163725774,60,6,42.7,0.71,12.75,4.21,33.01960784313726,52.97,22.14,41.797243722862,40.52,14.56,35.932872655478775,107.58,44.18,41.06711284625395,51,6.5,28.2,0.23,3.5,3.12,89.14285714285714,42.16,18.7,44.354838709677416,51.5,29.96,58.174757281553404,107.16,55.0,51.325121313923106,55,7,9.8,0.48,28,41.73,166.92,2.84,2.66,93.66197183098592,17.87,13.4,74.98601007274762,34.52,30.75,89.07879490150637,81.36,65.03,79.92871189773845,0.121612217,0.180993615,0.514828067,0.610844311,0.659248658,0.55612037,0.450536461,0.041948785,0.086906763,0.233080412,0.293062205,0.281607013,0.187013438,0.171232861,0.309421976,0.37223864,0.576336699,0.670071028,0.682161157,0.644277872,0.509794443,1.279004774,1.457249976,3.37321072,4.692292404,4.963780386,3.670501832,3.049710056,0.030536742,0.053888894,0.010766914,0.016473517,0.010421249,0.00915279,0.012943121
1,Plot 5,22,2,27.5,0.23,17.28,3.56,20.60185185185185,37,40,36.8,0.86,57.5,13.36,23.23478260869565,46,7.0,48.5,0.84,31,39,20.76,6.02,28.998073217726393,47.95,13.56,28.279457768508863,18.21,6.28,34.486545853926415,69.14,17.73,25.64362163725774,60,6,42.7,0.71,12.75,4.21,33.01960784313726,52.97,22.14,41.797243722862,40.52,14.56,35.932872655478775,107.58,44.18,41.06711284625395,51,6.5,28.2,0.23,3.5,3.12,89.14285714285714,42.16,18.7,44.354838709677416,51.5,29.96,58.174757281553404,107.16,55.0,51.325121313923106,55,7,9.8,0.48,28,41.73,166.92,3.28,3.03,92.3780487804878,19.89,15.61,78.48164906988437,31.49,28.39,90.15560495395364,77.19,62.48,80.94312734810208,0.121612217,0.180993615,0.514828067,0.610844311,0.659248658,0.55612037,0.450536461,0.041948785,0.086906763,0.233080412,0.293062205,0.281607013,0.187013438,0.171232861,0.309421976,0.37223864,0.576336699,0.670071028,0.682161157,0.644277872,0.509794443,1.279004774,1.457249976,3.37321072,4.692292404,4.963780386,3.670501832,3.049710056,0.030536742,0.053888894,0.010766914,0.016473517,0.010421249,0.00915279,0.012943121
2,Plot 5,22.5,1.5,27.6,0.23,24.36,5.17,21.223316912972084,39,31,37.7,0.89,33.79,8.16,24.149156555193844,44,6.0,48.1,0.86,30,42,21.34,6.16,28.865979381443303,48.78,13.48,27.634276342763425,19.8,6.2,31.313131313131315,120.17,29.92,24.898061080136475,60,6,42.9,0.8,18.4,5.39,29.293478260869566,61.81,28.92,46.788545542792434,49.08,18.77,38.2436837815811,110.96,41.74,37.61715933669792,51.5,6,28.7,0.24,4.4,3.61,82.04545454545453,51.69,21.97,42.50338556780809,57.9,33.18,57.30569948186529,105.27,52.97,50.31822931509452,49,7,9.9,0.51,37,43.27,173.08,3.49,3.33,95.41547277936962,23.14,18.63,80.50993949870355,41.15,38.02,92.3936816524909,72.09,61.28,85.00485504230822,0.136895837,0.211052377,0.525423609,0.623218233,0.602018146,0.426769668,0.362240981,0.048296948,0.092544911,0.226680707,0.285377492,0.239608367,0.135115568,0.131370842,0.335570785,0.395085669,0.575300058,0.673019351,0.649061299,0.586477207,0.451062236,1.322019533,1.55681929,3.472078799,4.705368733,4.068688957,2.520258706,2.067546564,0.030818882,0.048639899,0.010851105,0.016809718,0.012835881,0.009646776,0.013670622
2,Plot 5,22.5,1.5,27.6,0.23,24.36,5.17,21.223316912972084,39,31,37.7,0.89,33.79,8.16,24.149156555193844,44,6.0,48.1,0.86,30,42,21.34,6.16,28.865979381443303,48.78,13.48,27.634276342763425,19.8,6.2,31.313131313131315,120.17,29.92,24.898061080136475,60,6,42.9,0.8,18.4,5.39,29.293478260869566,61.81,28.92,46.788545542792434,49.08,18.77,38.2436837815811,110.96,41.74,37.61715933669792,51.5,6,28.7,0.24,4.4,3.61,82.04545454545453,51.69,21.97,42.50338556780809,57.9,33.18,57.30569948186529,105.27,52.97,50.31822931509452,49,7,9.9,0.51,37,43.27,173.08,2.84,2.66,93.66197183098592,17.87,13.4,74.98601007274762,34.52,30.75,89.07879490150637,81.36,65.03,79.92871189773845,0.136895837,0.211052377,0.525423609,0.623218233,0.602018146,0.426769668,0.362240981,0.048296948,0.092544911,0.226680707,0.285377492,0.239608367,0.135115568,0.131370842,0.335570785,0.395085669,0.575300058,0.673019351,0.649061299,0.586477207,0.451062236,1.322019533,1.55681929,3.472078799,4.705368733,4.068688957,2.520258706,2.067546564,0.030818882,0.048639899,0.010851105,0.016809718,0.012835881,0.009646776,0.013670622
2,Plot 5,22.5,1.5,27.6,0.23,24.36,5.17,21.223316912972084,39,31,37.7,0.89,33.79,8.16,24.149156555193844,44,6.0,48.1,0.86,30,42,21.34,6.16,28.865979381443303,48.78,13.48,27.634276342763425,19.8,6.2,31.313131313131315,120.17,29.92,24.898061080136475,60,6,42.9,0.8,18.4,5.39,29.293478260869566,61.81,28.92,46.788545542792434,49.08,18.77,38.2436837815811,110.96,41.74,37.61715933669792,51.5,6,28.7,0.24,4.4,3.61,82.04545454545453,51.69,21.97,42.50338556780809,57.9,33.18,57.30569948186529,105.27,52.97,50.31822931509452,49,7,9.9,0.51,37,43.27,173.08,3.28,3.03,92.3780487804878,19.89,15.61,78.48164906988437,31.49,28.39,90.15560495395364,77.19,62.48,80.94312734810208,0.136895837,0.211052377,0.525423609,0.623218233,0.602018146,0.426769668,0.362240981,0.048296948,0.092544911,0.226680707,0.285377492,0.239608367,0.135115568,0.131370842,0.335570785,0.395085669,0.575300058,0.673019351,0.649061299,0.586477207,0.451062236,1.322019533,1.55681929,3.472078799,4.705368733,4.068688957,2.520258706,2.067546564,0.030818882,0.048639899,0.010851105,0.016809718,0.012835881,0.009646776,0.013670622
3,Plot 5,20.5,1.5,27.6,0.23,16.95,3.54,20.884955752212388,39,37,38,0.91,64.64,16.1,24.907178217821784,58,7.0,48.4,0.86,25,41,17.7,5.43,30.677966101694913,39.25,10.49,26.72611464968153,14.18,4.55,32.08744710860367,88.41,24.9,28.16423481506617,60,7,43,0.83,15.12,4.55,30.09259259259259,66.09,25.54,38.64427296111363,44.53,15.89,35.683808668313496,107.73,41.05,38.10452056066091,51.5,6.5,28.9,0.25,4.82,4.05,84.02489626556016,54.2,23.33,43.04428044280442,70.09,38.2,54.50135540019975,116.49,58.62,50.32191604429565,55,6,10.6,0.57,33,55.03,220.12,3.49,3.33,95.41547277936962,23.14,18.63,80.50993949870355,41.15,38.02,92.3936816524909,72.09,61.28,85.00485504230822,0.137284624,0.258268252,0.542229002,0.672666727,0.617511456,0.419611843,0.375260472,0.048565508,0.107449438,0.236977972,0.317699555,0.262890182,0.136725897,0.150752444,0.340391771,0.421567412,0.592529639,0.701444659,0.664103096,0.597600645,0.467598159,1.321341595,1.730259897,3.609710295,5.635122148,4.268891345,2.46270765,2.213210419,0.027856614,0.046034038,0.010738447,0.014461499,0.012031446,0.00996929,0.010817944
3,Plot 5,20.5,1.5,27.6,0.23,16.95,3.54,20.884955752212388,39,37,38,0.91,64.64,16.1,24.907178217821784,58,7.0,48.4,0.86,25,41,17.7,5.43,30.677966101694913,39.25,10.49,26.72611464968153,14.18,4.55,32.08744710860367,88.41,24.9,28.16423481506617,60,7,43,0.83,15.12,4.55,30.09259259259259,66.09,25.54,38.64427296111363,44.53,15.89,35.683808668313496,107.73,41.05,38.10452056066091,51.5,6.5,28.9,0.25,4.82,4.05,84.02489626556016,54.2,23.33,43.04428044280442,70.09,38.2,54.50135540019975,116.49,58.62,50.32191604429565,55,6,10.6,0.57,33,55.03,220.12,2.84,2.66,93.66197183098592,17.87,13.4,74.98601007274762,34.52,30.75,89.07879490150637,81.36,65.03,79.92871189773845,0.137284624,0.258268252,0.542229002,0.672666727,0.617511456,0.419611843,0.375260472,0.048565508,0.107449438,0.236977972,0.317699555,0.262890182,0.136725897,0.150752444,0.340391771,0.421567412,0.592529639,0.701444659,0.664103096,0.597600645,0.467598159,1.321341595,1.730259897,3.609710295,5.635122148,4.268891345,2.46270765,2.213210419,0.027856614,0.046034038,0.010738447,0.014461499,0.012031446,0.00996929,0.010817944
3,Plot 5,20.5,1.5,27.6,0.23,16.95,3.54,20.884955752212388,39,37,38,0.91,64.64,16.1,24.907178217821784,58,7.0,48.4,0.86,25,41,17.7,5.43,30.677966101694913,39.25,10.49,26.72611464968153,14.18,4.55,32.08744710860367,88.41,24.9,28.16423481506617,60,7,43,0.83,15.12,4.55,30.09259259259259,66.09,25.54,38.64427296111363,44.53,15.89,35.683808668313496,107.73,41.05,38.10452056066091,51.5,6.5,28.9,0.25,4.82,4.05,84.02489626556016,54.2,23.33,43.04428044280442,70.09,38.2,54.50135540019975,116.49,58.62,50.32191604429565,55,6,10.6,0.57,33,55.03,220.12,3.28,3.03,92.3780487804878,19.89,15.61,78.48164906988437,31.49,28.39,90.15560495395364,77.19,62.48,80.94312734810208,0.137284624,0.258268252,0.542229002,0.672666727,0.617511456,0.419611843,0.375260472,0.048565508,0.107449438,0.236977972,0.317699555,0.262890182,0.136725897,0.150752444,0.340391771,0.421567412,0.592529639,0.701444659,0.664103096,0.597600645,0.467598159,1.321341595,1.730259897,3.609710295,5.635122148,4.268891345,2.46270765,2.213210419,0.027856614,0.046034038,0.010738447,0.014461499,0.012031446,0.00996929,0.010817944
1,Plot 6,18,2,19.2,0.02,16.55,3.68,22.235649546827794,40,53,37.7,0.67,73.25,17.54,23.945392491467576,54,10.0,47.1,1.21,28,35,23.94,6.6,27.56892230576441,64.54,17.65,27.34738146885652,29.44,8.73,29.653532608695656,109.6,28.45,25.95802919708029,62,8,44.1,1.12,14.88,4.76,31.989247311827956,60.34,23.76,39.37686443486908,39.33,14.02,35.647088736333586,113.84,41.77,36.691848208011244,53,6,25.8,0.16,3.92,3.47,88.5204081632653,38.41,16.79,43.712574850299404,45.42,26.39,58.10215763980625,86.41,44.08,51.01261428075454,62,6.5,4.7,0.57,47,40.18,160.72,3.77,3.57,94.69496021220158,25.02,18.76,74.98001598721024,44.81,41.23,92.01071189466636,87.64,76.04,86.76403468735738,0.111067534,0.1710411,0.501024553,0.649644052,0.653032655,0.577397807,0.468878208,0.037292162,0.080220565,0.222604595,0.32315231,0.286225959,0.189645261,0.195027267,0.297120124,0.364677455,0.564670019,0.696707098,0.68834624,0.645471829,0.504364168,1.252797746,1.420260125,3.203057664,4.981790597,4.831816867,3.825726304,2.752271539,0.031122556,0.049565125,0.010345158,0.014152759,0.010420885,0.008030609,0.009832619
1,Plot 6,18,2,19.2,0.02,16.55,3.68,22.235649546827794,40,53,37.7,0.67,73.25,17.54,23.945392491467576,54,10.0,47.1,1.21,28,35,23.94,6.6,27.56892230576441,64.54,17.65,27.34738146885652,29.44,8.73,29.653532608695656,109.6,28.45,25.95802919708029,62,8,44.1,1.12,14.88,4.76,31.989247311827956,60.34,23.76,39.37686443486908,39.33,14.02,35.647088736333586,113.84,41.77,36.691848208011244,53,6,25.8,0.16,3.92,3.47,88.5204081632653,38.41,16.79,43.712574850299404,45.42,26.39,58.10215763980625,86.41,44.08,51.01261428075454,62,6.5,4.7,0.57,47,40.18,160.72,3.83,3.63,94.7780678851175,29.18,20.46,70.11651816312543,46.37,43.51,93.83221910718137,60.38,50.39,83.45478635309705,0.111067534,0.1710411,0.501024553,0.649644052,0.653032655,0.577397807,0.468878208,0.037292162,0.080220565,0.222604595,0.32315231,0.286225959,0.189645261,0.195027267,0.297120124,0.364677455,0.564670019,0.696707098,0.68834624,0.645471829,0.504364168,1.252797746,1.420260125,3.203057664,4.981790597,4.831816867,3.825726304,2.752271539,0.031122556,0.049565125,0.010345158,0.014152759,0.010420885,0.008030609,0.009832619
1,Plot 6,18,2,19.2,0.02,16.55,3.68,22.235649546827794,40,53,37.7,0.67,73.25,17.54,23.945392491467576,54,10.0,47.1,1.21,28,35,23.94,6.6,27.56892230576441,64.54,17.65,27.34738146885652,29.44,8.73,29.653532608695656,109.6,28.45,25.95802919708029,62,8,44.1,1.12,14.88,4.76,31.989247311827956,60.34,23.76,39.37686443486908,39.33,14.02,35.647088736333586,113.84,41.77,36.691848208011244,53,6,25.8,0.16,3.92,3.47,88.5204081632653,38.41,16.79,43.712574850299404,45.42,26.39,58.10215763980625,86.41,44.08,51.01261428075454,62,6.5,4.7,0.57,47,40.18,160.72,4.59,4.3,93.68191721132898,29.24,23,78.65937072503421,49.56,45.62,92.05004035512509,73.5,65.11,88.58503401360545,0.111067534,0.1710411,0.501024553,0.649644052,0.653032655,0.577397807,0.468878208,0.037292162,0.080220565,0.222604595,0.32315231,0.286225959,0.189645261,0.195027267,0.297120124,0.364677455,0.564670019,0.696707098,0.68834624,0.645471829,0.504364168,1.252797746,1.420260125,3.203057664,4.981790597,4.831816867,3.825726304,2.752271539,0.031122556,0.049565125,0.010345158,0.014152759,0.010420885,0.008030609,0.009832619
2,Plot 6,20,1,20.9,0.02,15.44,3,19.4300518134715,40,40,38.2,0.81,66.8,16.16,24.191616766467067,50,6.0,45.8,0.98,23,41,23.14,6.38,27.571305099394987,56.18,17.11,30.455678177287286,23.7,7.41,31.265822784810126,103.98,27.36,26.31275245239469,63,7,45.5,1.14,9.78,4.18,42.740286298568506,52.84,21.79,41.23769871309613,40.29,15.25,37.8505832712832,129.08,53.11,41.145026340254105,53,7,25.8,0.17,3.1,2.75,88.70967741935483,33.26,14.54,43.71617558628984,40.83,22.64,55.449424442811655,102.0,49.73,48.75490196078431,59,8,16,0.25,34,58.46,233.84,3.77,3.57,94.69496021220158,25.02,18.76,74.98001598721024,44.81,41.23,92.01071189466636,87.64,76.04,86.76403468735738,0.138789538,0.217574472,0.512318259,0.641756734,0.714933538,0.78031414,0.743468562,0.053105211,0.09945972,0.22735214,0.323342086,0.323654747,0.317768039,0.293658988,0.334296633,0.394072798,0.570549831,0.693392071,0.717472338,0.750889259,0.62171104,1.336281419,1.636304678,3.452218539,5.559863229,6.41689836,9.656347088,10.97941445,0.029704721,0.047782291,0.011085476,0.015912946,0.010958971,0.009930674,0.011634728
2,Plot 6,20,1,20.9,0.02,15.44,3,19.4300518134715,40,40,38.2,0.81,66.8,16.16,24.191616766467067,50,6.0,45.8,0.98,23,41,23.14,6.38,27.571305099394987,56.18,17.11,30.455678177287286,23.7,7.41,31.265822784810126,103.98,27.36,26.31275245239469,63,7,45.5,1.14,9.78,4.18,42.740286298568506,52.84,21.79,41.23769871309613,40.29,15.25,37.8505832712832,129.08,53.11,41.145026340254105,53,7,25.8,0.17,3.1,2.75,88.70967741935483,33.26,14.54,43.71617558628984,40.83,22.64,55.449424442811655,102.0,49.73,48.75490196078431,59,8,16,0.25,34,58.46,233.84,3.83,3.63,94.7780678851175,29.18,20.46,70.11651816312543,46.37,43.51,93.83221910718137,60.38,50.39,83.45478635309705,0.138789538,0.217574472,0.512318259,0.641756734,0.714933538,0.78031414,0.743468562,0.053105211,0.09945972,0.22735214,0.323342086,0.323654747,0.317768039,0.293658988,0.334296633,0.394072798,0.570549831,0.693392071,0.717472338,0.750889259,0.62171104,1.336281419,1.636304678,3.452218539,5.559863229,6.41689836,9.656347088,10.97941445,0.029704721,0.047782291,0.011085476,0.015912946,0.010958971,0.009930674,0.011634728
2,Plot 6,20,1,20.9,0.02,15.44,3,19.4300518134715,40,40,38.2,0.81,66.8,16.16,24.191616766467067,50,6.0,45.8,0.98,23,41,23.14,6.38,27.571305099394987,56.18,17.11,30.455678177287286,23.7,7.41,31.265822784810126,103.98,27.36,26.31275245239469,63,7,45.5,1.14,9.78,4.18,42.740286298568506,52.84,21.79,41.23769871309613,40.29,15.25,37.8505832712832,129.08,53.11,41.145026340254105,53,7,25.8,0.17,3.1,2.75,88.70967741935483,33.26,14.54,43.71617558628984,40.83,22.64,55.449424442811655,102.0,49.73,48.75490196078431,59,8,16,0.25,34,58.46,233.84,4.59,4.3,93.68191721132898,29.24,23,78.65937072503421,49.56,45.62,92.05004035512509,73.5,65.11,88.58503401360545,0.138789538,0.217574472,0.512318259,0.641756734,0.714933538,0.78031414,0.743468562,0.053105211,0.09945972,0.22735214,0.323342086,0.323654747,0.317768039,0.293658988,0.334296633,0.394072798,0.570549831,0.693392071,0.717472338,0.750889259,0.62171104,1.336281419,1.636304678,3.452218539,5.559863229,6.41689836,9.656347088,10.97941445,0.029704721,0.047782291,0.011085476,0.015912946,0.010958971,0.009930674,0.011634728
3,Plot 6,22,1,21.2,0.02,14.46,2.73,18.87966804979253,41,36,38.4,0.83,59.36,14.61,24.612533692722373,55,8.0,49.6,0.76,27,48.44,15.55,4.47,28.745980707395496,41.05,11.44,27.86845310596833,17.38,5.67,32.623705408515534,93.43,24.75,26.490420635770096,64,7,46.3,1.17,11.55,3.76,32.55411255411255,49.3,20.95,42.494929006085194,34.5,13.58,39.36231884057971,108.5,44.49,41.004608294930875,53,7,28.7,0.17,3.77,3.04,80.63660477453581,37.67,15.66,41.571542341385715,50.02,27.03,54.038384646141544,102.5,51.0,49.75609756097561,55,6.5,32.4,0.55,34,64.34,257.36,3.77,3.57,94.69496021220158,25.02,18.76,74.98001598721024,44.81,41.23,92.01071189466636,87.64,76.04,86.76403468735738,0.152223109,0.240661196,0.679635905,0.762759173,0.711674126,0.554631095,0.440314354,0.05791557,0.105068534,0.325848644,0.39836721,0.344797842,0.195351607,0.180493025,0.356270537,0.418918325,0.673987634,0.760655937,0.725893416,0.659322354,0.515437474,1.363524701,1.660681679,5.66085734,8.261934959,5.992845641,3.540689878,2.432662865,0.02199424,0.042066297,0.007332626,0.011275203,0.011190413,0.008249969,0.012974982
3,Plot 6,22,1,21.2,0.02,14.46,2.73,18.87966804979253,41,36,38.4,0.83,59.36,14.61,24.612533692722373,55,8.0,49.6,0.76,27,48.44,15.55,4.47,28.745980707395496,41.05,11.44,27.86845310596833,17.38,5.67,32.623705408515534,93.43,24.75,26.490420635770096,64,7,46.3,1.17,11.55,3.76,32.55411255411255,49.3,20.95,42.494929006085194,34.5,13.58,39.36231884057971,108.5,44.49,41.004608294930875,53,7,28.7,0.17,3.77,3.04,80.63660477453581,37.67,15.66,41.571542341385715,50.02,27.03,54.038384646141544,102.5,51.0,49.75609756097561,55,6.5,32.4,0.55,34,64.34,257.36,3.83,3.63,94.7780678851175,29.18,20.46,70.11651816312543,46.37,43.51,93.83221910718137,60.38,50.39,83.45478635309705,0.152223109,0.240661196,0.679635905,0.762759173,0.711674126,0.554631095,0.440314354,0.05791557,0.105068534,0.325848644,0.39836721,0.344797842,0.195351607,0.180493025,0.356270537,0.418918325,0.673987634,0.760655937,0.725893416,0.659322354,0.515437474,1.363524701,1.660681679,5.66085734,8.261934959,5.992845641,3.540689878,2.432662865,0.02199424,0.042066297,0.007332626,0.011275203,0.011190413,0.008249969,0.012974982
3,Plot 6,22,1,21.2,0.02,14.46,2.73,18.87966804979253,41,36,38.4,0.83,59.36,14.61,24.612533692722373,55,8.0,49.6,0.76,27,48.44,15.55,4.47,28.745980707395496,41.05,11.44,27.86845310596833,17.38,5.67,32.623705408515534,93.43,24.75,26.490420635770096,64,7,46.3,1.17,11.55,3.76,32.55411255411255,49.3,20.95,42.494929006085194,34.5,13.58,39.36231884057971,108.5,44.49,41.004608294930875,53,7,28.7,0.17,3.77,3.04,80.63660477453581,37.67,15.66,41.571542341385715,50.02,27.03,54.038384646141544,102.5,51.0,49.75609756097561,55,6.5,32.4,0.55,34,64.34,257.36,4.59,4.3,93.68191721132898,29.24,23,78.65937072503421,49.56,45.62,92.05004035512509,73.5,65.11,88.58503401360545,0.152223109,0.240661196,0.679635905,0.762759173,0.711674126,0.554631095,0.440314354,0.05791557,0.105068534,0.325848644,0.39836721,0.344797842,0.195351607,0.180493025,0.356270537,0.418918325,0.673987634,0.760655937,0.725893416,0.659322354,0.515437474,1.363524701,1.660681679,5.66085734,8.261934959,5.992845641,3.540689878,2.432662865,0.02199424,0.042066297,0.007332626,0.011275203,0.011190413,0.008249969,0.012974982
1,Plot 7,16.5,1,30.7,0.02,16.69,3.52,21.09047333732774,39,45,41.5,0.68,70.53,16.86,23.904721395151,52,7.0,45.2,0.82,34,39,24.32,6.69,27.508223684210524,62.73,16.56,26.398852223816355,23.95,7.63,31.8580375782881,112.77,20.07,17.79728651237031,57,7,42,0.73,16.98,4.96,29.210836277974085,70.51,28.44,40.334704297262796,50.37,19.18,38.07822116339091,113.18,41.59,36.74677504859516,53,6,16.7,0.12,4.2,3.52,83.80952380952381,49.84,20.57,41.27207062600321,58.11,32.55,56.014455343314395,103.78,52.0,50.105993447677776,49,7,5.4,0.36,24,49.25,197,3.3,3.02,91.51515151515152,20.8,15.81,76.00961538461539,30.1,27.86,92.55813953488371,47.55,38.28,80.50473186119874,0.120573622,0.199212001,0.567279227,0.701357068,0.652110626,0.470073294,0.426496056,0.040563324,0.090129243,0.260064204,0.349136546,0.310329705,0.1535742,0.174214766,0.310680543,0.382752179,0.599378819,0.718740091,0.6924927,0.613349701,0.484711692,1.277166077,1.507808972,3.844244523,5.971523903,4.820775069,2.797097253,2.523235279,0.030717316,0.047082461,0.009874962,0.013024245,0.016359389,0.009387529,0.013880977
1,Plot 7,16.5,1,30.7,0.02,16.69,3.52,21.09047333732774,39,45,41.5,0.68,70.53,16.86,23.904721395151,52,7.0,45.2,0.82,34,39,24.32,6.69,27.508223684210524,62.73,16.56,26.398852223816355,23.95,7.63,31.8580375782881,112.77,20.07,17.79728651237031,57,7,42,0.73,16.98,4.96,29.210836277974085,70.51,28.44,40.334704297262796,50.37,19.18,38.07822116339091,113.18,41.59,36.74677504859516,53,6,16.7,0.12,4.2,3.52,83.80952380952381,49.84,20.57,41.27207062600321,58.11,32.55,56.014455343314395,103.78,52.0,50.105993447677776,49,7,5.4,0.36,24,49.25,197,2.83,2.5,88.33922261484098,14.4,13.78,95.69444444444444,28.9,25.98,89.8961937716263,55.63,46.95,84.39690814308827,0.120573622,0.199212001,0.567279227,0.701357068,0.652110626,0.470073294,0.426496056,0.040563324,0.090129243,0.260064204,0.349136546,0.310329705,0.1535742,0.174214766,0.310680543,0.382752179,0.599378819,0.718740091,0.6924927,0.613349701,0.484711692,1.277166077,1.507808972,3.844244523,5.971523903,4.820775069,2.797097253,2.523235279,0.030717316,0.047082461,0.009874962,0.013024245,0.016359389,0.009387529,0.013880977
1,Plot 7,16.5,1,30.7,0.02,16.69,3.52,21.09047333732774,39,45,41.5,0.68,70.53,16.86,23.904721395151,52,7.0,45.2,0.82,34,39,24.32,6.69,27.508223684210524,62.73,16.56,26.398852223816355,23.95,7.63,31.8580375782881,112.77,20.07,17.79728651237031,57,7,42,0.73,16.98,4.96,29.210836277974085,70.51,28.44,40.334704297262796,50.37,19.18,38.07822116339091,113.18,41.59,36.74677504859516,53,6,16.7,0.12,4.2,3.52,83.80952380952381,49.84,20.57,41.27207062600321,58.11,32.55,56.014455343314395,103.78,52.0,50.105993447677776,49,7,5.4,0.36,24,49.25,197,3.43,3.07,89.50437317784255,18.57,13.85,74.58266020463113,31.8,29.38,92.38993710691823,68.59,57.44,83.74398600379064,0.120573622,0.199212001,0.567279227,0.701357068,0.652110626,0.470073294,0.426496056,0.040563324,0.090129243,0.260064204,0.349136546,0.310329705,0.1535742,0.174214766,0.310680543,0.382752179,0.599378819,0.718740091,0.6924927,0.613349701,0.484711692,1.277166077,1.507808972,3.844244523,5.971523903,4.820775069,2.797097253,2.523235279,0.030717316,0.047082461,0.009874962,0.013024245,0.016359389,0.009387529,0.013880977
2,Plot 7,19,1,31.1,0.02,20.37,4.23,20.765832106038292,39,63,41.8,0.89,77.78,18.8,24.17073797891489,57,7.0,51.1,0.71,28,38,17.74,5.54,31.228861330326946,49.42,14.44,29.218939700526104,19.64,6.87,34.979633401221996,85.36,20.79,24.355670103092784,58,7,42.4,0.74,9.59,3.26,33.99374348279458,51.08,20.81,40.740015661707126,43.12,14.73,34.160482374768094,110.88,42.17,38.03210678210679,53,7,20.2,0.14,3.79,2.93,77.30870712401055,39.28,17.1,43.53360488798371,55.95,32.82,58.65951742627345,98.03,48.6,49.57666020605937,49,7.5,12.6,0.37,35,39.98,159.92,3.3,3.02,91.51515151515152,20.8,15.81,76.00961538461539,30.1,27.86,92.55813953488371,47.55,38.28,80.50473186119874,0.109523704,0.154233425,0.407569395,0.471628261,0.569124891,0.533477232,0.417631538,0.039836919,0.072344556,0.177776617,0.218851535,0.251108374,0.171752208,0.163075341,0.312447847,0.359303348,0.511817048,0.601638103,0.637344669,0.621734209,0.477502694,1.247441824,1.36978265,2.564965431,3.078985538,3.785179815,3.391960756,2.70604305,0.029380637,0.049995499,0.011529761,0.022252151,0.024395879,0.009191549,0.018605991
2,Plot 7,19,1,31.1,0.02,20.37,4.23,20.765832106038292,39,63,41.8,0.89,77.78,18.8,24.17073797891489,57,7.0,51.1,0.71,28,38,17.74,5.54,31.228861330326946,49.42,14.44,29.218939700526104,19.64,6.87,34.979633401221996,85.36,20.79,24.355670103092784,58,7,42.4,0.74,9.59,3.26,33.99374348279458,51.08,20.81,40.740015661707126,43.12,14.73,34.160482374768094,110.88,42.17,38.03210678210679,53,7,20.2,0.14,3.79,2.93,77.30870712401055,39.28,17.1,43.53360488798371,55.95,32.82,58.65951742627345,98.03,48.6,49.57666020605937,49,7.5,12.6,0.37,35,39.98,159.92,2.83,2.5,88.33922261484098,14.4,13.78,95.69444444444444,28.9,25.98,89.8961937716263,55.63,46.95,84.39690814308827,0.109523704,0.154233425,0.407569395,0.471628261,0.569124891,0.533477232,0.417631538,0.039836919,0.072344556,0.177776617,0.218851535,0.251108374,0.171752208,0.163075341,0.312447847,0.359303348,0.511817048,0.601638103,0.637344669,0.621734209,0.477502694,1.247441824,1.36978265,2.564965431,3.078985538,3.785179815,3.391960756,2.70604305,0.029380637,0.049995499,0.011529761,0.022252151,0.024395879,0.009191549,0.018605991
2,Plot 7,19,1,31.1,0.02,20.37,4.23,20.765832106038292,39,63,41.8,0.89,77.78,18.8,24.17073797891489,57,7.0,51.1,0.71,28,38,17.74,5.54,31.228861330326946,49.42,14.44,29.218939700526104,19.64,6.87,34.979633401221996,85.36,20.79,24.355670103092784,58,7,42.4,0.74,9.59,3.26,33.99374348279458,51.08,20.81,40.740015661707126,43.12,14.73,34.160482374768094,110.88,42.17,38.03210678210679,53,7,20.2,0.14,3.79,2.93,77.30870712401055,39.28,17.1,43.53360488798371,55.95,32.82,58.65951742627345,98.03,48.6,49.57666020605937,49,7.5,12.6,0.37,35,39.98,159.92,3.43,3.07,89.50437317784255,18.57,13.85,74.58266020463113,31.8,29.38,92.38993710691823,68.59,57.44,83.74398600379064,0.109523704,0.154233425,0.407569395,0.471628261,0.569124891,0.533477232,0.417631538,0.039836919,0.072344556,0.177776617,0.218851535,0.251108374,0.171752208,0.163075341,0.312447847,0.359303348,0.511817048,0.601638103,0.637344669,0.621734209,0.477502694,1.247441824,1.36978265,2.564965431,3.078985538,3.785179815,3.391960756,2.70604305,0.029380637,0.049995499,0.011529761,0.022252151,0.024395879,0.009191549,0.018605991
3,Plot 7,17.5,1.5,36.7,0.02,9.94,2.19,22.03219315895372,40,36,42.6,0.91,49.19,12.52,25.45232770888392,60,7.0,47.3,0.82,45,40,15.31,5.63,36.77335075114304,54.07,19.38,35.842426484187165,21.2,8.63,40.70754716981133,76.98,19.47,25.29228371005456,58,7,42.5,0.74,12.05,4.12,34.190871369294605,52.77,21.97,41.63350388478302,36.18,13.39,37.009397457158656,96.92,38.63,39.85761452744532,53.5,7,23.9,0.15,4.39,3.46,78.81548974943054,49.2,20.89,42.45934959349593,62.47,36.75,58.82823755402593,87.04,43.63,50.12637867647059,53,7.5,21.5,0.46,26,43.65,174.6,3.3,3.02,91.51515151515152,20.8,15.81,76.00961538461539,30.1,27.86,92.55813953488371,47.55,38.28,80.50473186119874,0.108500838,0.160206424,0.354294836,0.515508873,0.644688205,0.609561592,0.534645294,0.041614501,0.08065721,0.153083848,0.23122397,0.295746544,0.213930759,0.199679316,0.31247725,0.371243805,0.488823746,0.623645458,0.680387759,0.65231316,0.511791532,1.244799234,1.384842894,2.134602089,3.376956955,4.748674095,4.18555619,3.401737556,0.024709665,0.044586187,0.012634375,0.019894144,0.017449742,0.008910311,0.013564837
3,Plot 7,17.5,1.5,36.7,0.02,9.94,2.19,22.03219315895372,40,36,42.6,0.91,49.19,12.52,25.45232770888392,60,7.0,47.3,0.82,45,40,15.31,5.63,36.77335075114304,54.07,19.38,35.842426484187165,21.2,8.63,40.70754716981133,76.98,19.47,25.29228371005456,58,7,42.5,0.74,12.05,4.12,34.190871369294605,52.77,21.97,41.63350388478302,36.18,13.39,37.009397457158656,96.92,38.63,39.85761452744532,53.5,7,23.9,0.15,4.39,3.46,78.81548974943054,49.2,20.89,42.45934959349593,62.47,36.75,58.82823755402593,87.04,43.63,50.12637867647059,53,7.5,21.5,0.46,26,43.65,174.6,2.83,2.5,88.33922261484098,14.4,13.78,95.69444444444444,28.9,25.98,89.8961937716263,55.63,46.95,84.39690814308827,0.108500838,0.160206424,0.354294836,0.515508873,0.644688205,0.609561592,0.534645294,0.041614501,0.08065721,0.153083848,0.23122397,0.295746544,0.213930759,0.199679316,0.31247725,0.371243805,0.488823746,0.623645458,0.680387759,0.65231316,0.511791532,1.244799234,1.384842894,2.134602089,3.376956955,4.748674095,4.18555619,3.401737556,0.024709665,0.044586187,0.012634375,0.019894144,0.017449742,0.008910311,0.013564837
3,Plot 7,17.5,1.5,36.7,0.02,9.94,2.19,22.03219315895372,40,36,42.6,0.91,49.19,12.52,25.45232770888392,60,7.0,47.3,0.82,45,40,15.31,5.63,36.77335075114304,54.07,19.38,35.842426484187165,21.2,8.63,40.70754716981133,76.98,19.47,25.29228371005456,58,7,42.5,0.74,12.05,4.12,34.190871369294605,52.77,21.97,41.63350388478302,36.18,13.39,37.009397457158656,96.92,38.63,39.85761452744532,53.5,7,23.9,0.15,4.39,3.46,78.81548974943054,49.2,20.89,42.45934959349593,62.47,36.75,58.82823755402593,87.04,43.63,50.12637867647059,53,7.5,21.5,0.46,26,43.65,174.6,3.43,3.07,89.50437317784255,18.57,13.85,74.58266020463113,31.8,29.38,92.38993710691823,68.59,57.44,83.74398600379064,0.108500838,0.160206424,0.354294836,0.515508873,0.644688205,0.609561592,0.534645294,0.041614501,0.08065721,0.153083848,0.23122397,0.295746544,0.213930759,0.199679316,0.31247725,0.371243805,0.488823746,0.623645458,0.680387759,0.65231316,0.511791532,1.244799234,1.384842894,2.134602089,3.376956955,4.748674095,4.18555619,3.401737556,0.024709665,0.044586187,0.012634375,0.019894144,0.017449742,0.008910311,0.013564837
1,Plot 8,20,2.5,35.4,0.01,14.74,3.04,20.62415196743555,41.5,43,44,0.79,78.9,18.8,23.827629911280102,65,7.0,44.8,1.14,39,35,17.47,5.21,29.822552947910708,55.1,16.23,29.45553539019964,20.07,7.33,36.52217239661186,90.04,26.26,29.164815637494446,63,7,35.2,0.72,6.77,3.3,48.74446085672083,55.55,23.23,41.81818181818182,42.44,16.37,38.57210179076343,94.6,38.81,41.02536997885836,56,6.5,3,0.15,3.74,3.36,89.83957219251336,40.67,17.75,43.6439636095402,58.3,36.11,61.93825042881647,92.31,43.68,47.31881702957426,63,8,2.5,0.44,29,72.69,290.76,2.93,2.86,97.61092150170647,20.82,19,91.25840537944285,38.9,37.35,96.01542416452443,45.62,44.67,97.91758000876808,0.146019753,0.222561332,0.617241766,0.638247295,0.631681828,0.486149068,0.440395525,0.051460492,0.101986305,0.29065351,0.320988254,0.288002555,0.156665089,0.174695395,0.339781333,0.395519567,0.634701681,0.688954275,0.682617445,0.617057689,0.484933485,1.346987661,1.622295077,4.811178217,6.145976272,4.572193861,3.006345883,2.715460025,0.02442825,0.04457544,0.008081671,0.015623777,0.017982863,0.008966531,0.010307644
1,Plot 8,20,2.5,35.4,0.01,14.74,3.04,20.62415196743555,41.5,43,44,0.79,78.9,18.8,23.827629911280102,65,7.0,44.8,1.14,39,35,17.47,5.21,29.822552947910708,55.1,16.23,29.45553539019964,20.07,7.33,36.52217239661186,90.04,26.26,29.164815637494446,63,7,35.2,0.72,6.77,3.3,48.74446085672083,55.55,23.23,41.81818181818182,42.44,16.37,38.57210179076343,94.6,38.81,41.02536997885836,56,6.5,3,0.15,3.74,3.36,89.83957219251336,40.67,17.75,43.6439636095402,58.3,36.11,61.93825042881647,92.31,43.68,47.31881702957426,63,8,2.5,0.44,29,72.69,290.76,2.26,2.18,96.46017699115046,15.06,12.96,86.05577689243027,29.4,28.43,96.70068027210885,39.0,35.52,91.0769230769231,0.146019753,0.222561332,0.617241766,0.638247295,0.631681828,0.486149068,0.440395525,0.051460492,0.101986305,0.29065351,0.320988254,0.288002555,0.156665089,0.174695395,0.339781333,0.395519567,0.634701681,0.688954275,0.682617445,0.617057689,0.484933485,1.346987661,1.622295077,4.811178217,6.145976272,4.572193861,3.006345883,2.715460025,0.02442825,0.04457544,0.008081671,0.015623777,0.017982863,0.008966531,0.010307644
1,Plot 8,20,2.5,35.4,0.01,14.74,3.04,20.62415196743555,41.5,43,44,0.79,78.9,18.8,23.827629911280102,65,7.0,44.8,1.14,39,35,17.47,5.21,29.822552947910708,55.1,16.23,29.45553539019964,20.07,7.33,36.52217239661186,90.04,26.26,29.164815637494446,63,7,35.2,0.72,6.77,3.3,48.74446085672083,55.55,23.23,41.81818181818182,42.44,16.37,38.57210179076343,94.6,38.81,41.02536997885836,56,6.5,3,0.15,3.74,3.36,89.83957219251336,40.67,17.75,43.6439636095402,58.3,36.11,61.93825042881647,92.31,43.68,47.31881702957426,63,8,2.5,0.44,29,72.69,290.76,2.75,2.66,96.72727272727273,17.51,16.17,92.3472301541976,28.42,27.42,96.48135116115412,46.98,44.2,94.08258833546192,0.146019753,0.222561332,0.617241766,0.638247295,0.631681828,0.486149068,0.440395525,0.051460492,0.101986305,0.29065351,0.320988254,0.288002555,0.156665089,0.174695395,0.339781333,0.395519567,0.634701681,0.688954275,0.682617445,0.617057689,0.484933485,1.346987661,1.622295077,4.811178217,6.145976272,4.572193861,3.006345883,2.715460025,0.02442825,0.04457544,0.008081671,0.015623777,0.017982863,0.008966531,0.010307644
2,Plot 8,22.5,2.7,36.7,0.01,39.23,8.35,21.284731073158298,42.5,37,44.5,0.8,61.27,14.56,23.763669006038842,60,6.0,47.5,1.04,36,38,17.78,5.18,29.133858267716533,60.22,17.32,28.761208900697444,23.32,8.11,34.77701543739279,115.01,27.85,24.21528562733675,64,7,35.9,0.83,11.57,3.97,34.312878133102856,60.46,25.42,42.04432682765465,46.96,17.57,37.41482112436116,119.75,49.29,41.160751565762006,57,6,3.4,0.16,3.98,3.38,84.92462311557789,41.55,17.43,41.94945848375451,53.9,30.92,57.36549165120594,110.63,56.09,50.700533309228966,59,7.5,2.1,0.46,25,30.91,123.64,2.93,2.86,97.61092150170647,20.82,19,91.25840537944285,38.9,37.35,96.01542416452443,45.62,44.67,97.91758000876808,0.120793638,0.200404285,0.509535956,0.626861312,0.556570031,0.417540114,0.384614328,0.043922801,0.093147848,0.226762691,0.308386808,0.250135559,0.130664278,0.170429007,0.315608923,0.389507043,0.572248823,0.685063363,0.642726013,0.589365795,0.475252779,1.276843985,1.51060583,3.198531508,4.628244929,3.56409963,2.442131337,2.511848656,0.033258486,0.049051139,0.009978661,0.015008044,0.020170124,0.008721017,0.006905188
2,Plot 8,22.5,2.7,36.7,0.01,39.23,8.35,21.284731073158298,42.5,37,44.5,0.8,61.27,14.56,23.763669006038842,60,6.0,47.5,1.04,36,38,17.78,5.18,29.133858267716533,60.22,17.32,28.761208900697444,23.32,8.11,34.77701543739279,115.01,27.85,24.21528562733675,64,7,35.9,0.83,11.57,3.97,34.312878133102856,60.46,25.42,42.04432682765465,46.96,17.57,37.41482112436116,119.75,49.29,41.160751565762006,57,6,3.4,0.16,3.98,3.38,84.92462311557789,41.55,17.43,41.94945848375451,53.9,30.92,57.36549165120594,110.63,56.09,50.700533309228966,59,7.5,2.1,0.46,25,30.91,123.64,2.26,2.18,96.46017699115046,15.06,12.96,86.05577689243027,29.4,28.43,96.70068027210885,39.0,35.52,91.0769230769231,0.120793638,0.200404285,0.509535956,0.626861312,0.556570031,0.417540114,0.384614328,0.043922801,0.093147848,0.226762691,0.308386808,0.250135559,0.130664278,0.170429007,0.315608923,0.389507043,0.572248823,0.685063363,0.642726013,0.589365795,0.475252779,1.276843985,1.51060583,3.198531508,4.628244929,3.56409963,2.442131337,2.511848656,0.033258486,0.049051139,0.009978661,0.015008044,0.020170124,0.008721017,0.006905188
2,Plot 8,22.5,2.7,36.7,0.01,39.23,8.35,21.284731073158298,42.5,37,44.5,0.8,61.27,14.56,23.763669006038842,60,6.0,47.5,1.04,36,38,17.78,5.18,29.133858267716533,60.22,17.32,28.761208900697444,23.32,8.11,34.77701543739279,115.01,27.85,24.21528562733675,64,7,35.9,0.83,11.57,3.97,34.312878133102856,60.46,25.42,42.04432682765465,46.96,17.57,37.41482112436116,119.75,49.29,41.160751565762006,57,6,3.4,0.16,3.98,3.38,84.92462311557789,41.55,17.43,41.94945848375451,53.9,30.92,57.36549165120594,110.63,56.09,50.700533309228966,59,7.5,2.1,0.46,25,30.91,123.64,2.75,2.66,96.72727272727273,17.51,16.17,92.3472301541976,28.42,27.42,96.48135116115412,46.98,44.2,94.08258833546192,0.120793638,0.200404285,0.509535956,0.626861312,0.556570031,0.417540114,0.384614328,0.043922801,0.093147848,0.226762691,0.308386808,0.250135559,0.130664278,0.170429007,0.315608923,0.389507043,0.572248823,0.685063363,0.642726013,0.589365795,0.475252779,1.276843985,1.51060583,3.198531508,4.628244929,3.56409963,2.442131337,2.511848656,0.033258486,0.049051139,0.009978661,0.015008044,0.020170124,0.008721017,0.006905188
3,Plot 8,21,2.5,38.7,0.01,20.19,4.28,21.19861317483903,43,43,45.9,0.82,69.38,16.55,23.85413663880081,62,7.0,46.6,0.84,35,38,14.6,4.54,31.095890410958905,46.25,13.18,28.497297297297298,17.05,6.08,35.65982404692082,87.47,19.17,21.91608551503373,64,7,43,0.93,5.24,2.77,52.862595419847324,38.49,16.45,42.73837360353338,33.55,13.01,38.7779433681073,76.5,30.03,39.254901960784316,57.5,6.5,5.6,0.16,5.01,4.21,84.03193612774452,53.56,21.02,39.24570575056012,71.03,43.03,60.58003660425173,96.73,53.09,54.88473069368345,46,5.5,0.1,0.45,34,61.13,244.52,2.93,2.86,97.61092150170647,20.82,19,91.25840537944285,38.9,37.35,96.01542416452443,45.62,44.67,97.91758000876808,0.137798625,0.200269098,0.543725441,0.666190482,0.61602086,0.434064918,0.40856879,0.052584299,0.09459265,0.25388837,0.32952336,0.280029406,0.141740238,0.166006706,0.343437656,0.394610324,0.603284072,0.705766859,0.675290426,0.601651319,0.478643849,1.32250078,1.519080997,3.522679223,5.252588207,4.24908457,2.561194009,2.517437387,0.024009819,0.047343282,0.008314841,0.014674834,0.016435819,0.008865337,0.009108988
3,Plot 8,21,2.5,38.7,0.01,20.19,4.28,21.19861317483903,43,43,45.9,0.82,69.38,16.55,23.85413663880081,62,7.0,46.6,0.84,35,38,14.6,4.54,31.095890410958905,46.25,13.18,28.497297297297298,17.05,6.08,35.65982404692082,87.47,19.17,21.91608551503373,64,7,43,0.93,5.24,2.77,52.862595419847324,38.49,16.45,42.73837360353338,33.55,13.01,38.7779433681073,76.5,30.03,39.254901960784316,57.5,6.5,5.6,0.16,5.01,4.21,84.03193612774452,53.56,21.02,39.24570575056012,71.03,43.03,60.58003660425173,96.73,53.09,54.88473069368345,46,5.5,0.1,0.45,34,61.13,244.52,2.26,2.18,96.46017699115046,15.06,12.96,86.05577689243027,29.4,28.43,96.70068027210885,39.0,35.52,91.0769230769231,0.137798625,0.200269098,0.543725441,0.666190482,0.61602086,0.434064918,0.40856879,0.052584299,0.09459265,0.25388837,0.32952336,0.280029406,0.141740238,0.166006706,0.343437656,0.394610324,0.603284072,0.705766859,0.675290426,0.601651319,0.478643849,1.32250078,1.519080997,3.522679223,5.252588207,4.24908457,2.561194009,2.517437387,0.024009819,0.047343282,0.008314841,0.014674834,0.016435819,0.008865337,0.009108988
3,Plot 8,21,2.5,38.7,0.01,20.19,4.28,21.19861317483903,43,43,45.9,0.82,69.38,16.55,23.85413663880081,62,7.0,46.6,0.84,35,38,14.6,4.54,31.095890410958905,46.25,13.18,28.497297297297298,17.05,6.08,35.65982404692082,87.47,19.17,21.91608551503373,64,7,43,0.93,5.24,2.77,52.862595419847324,38.49,16.45,42.73837360353338,33.55,13.01,38.7779433681073,76.5,30.03,39.254901960784316,57.5,6.5,5.6,0.16,5.01,4.21,84.03193612774452,53.56,21.02,39.24570575056012,71.03,43.03,60.58003660425173,96.73,53.09,54.88473069368345,46,5.5,0.1,0.45,34,61.13,244.52,2.75,2.66,96.72727272727273,17.51,16.17,92.3472301541976,28.42,27.42,96.48135116115412,46.98,44.2,94.08258833546192,0.137798625,0.200269098,0.543725441,0.666190482,0.61602086,0.434064918,0.40856879,0.052584299,0.09459265,0.25388837,0.32952336,0.280029406,0.141740238,0.166006706,0.343437656,0.394610324,0.603284072,0.705766859,0.675290426,0.601651319,0.478643849,1.32250078,1.519080997,3.522679223,5.252588207,4.24908457,2.561194009,2.517437387,0.024009819,0.047343282,0.008314841,0.014674834,0.016435819,0.008865337,0.009108988
