조사지,반복,1수영화수_개화기,CVI_개화기,CVI_개화후2주,CVI_개화후4주,CVI_분얼전기,CVI_분얼후기,CVI_수확기,GNDVI_개화기,GNDVI_개화후2주,GNDVI_개화후4주,GNDVI_분얼전기,GNDVI_분얼후기,GNDVI_수확기,LAI_개화기,LAI_개화후2주,LAI_개화후4주,LAI_분얼전기,LAI_분얼후기,LAI_수확기,NDRE_개화기,NDRE_개화후2주,NDRE_개화후4주,NDRE_분얼전기,NDRE_분얼후기,NDRE_수확기,NDVI_개화기,NDVI_개화후2주,NDVI_개화후4주,NDVI_분얼전기,NDVI_분얼후기,NDVI_수확기,RVI_개화기,RVI_개화후2주,RVI_개화후4주,RVI_분얼전기,RVI_분얼후기,RVI_수확기,SPAD_개화기,SPAD_개화후2주,SPAD_개화후4주,SPAD_분얼전기,SPAD_분얼후기,SPAD_수확기,간장(cm)_개화기,간장(cm)_개화후2주,간장(cm)_개화후4주,간장(cm)_수확기,수량(g/(50*50)cm2)_수확기,수량(g/m2)_수확기,수장(cm)_개화기,수장(cm)_개화후2주,수장(cm)_개화후4주,수장(cm)_수확기,유수길이(mm)_분얼전기,일수립수_수확기,초장(cm)_분얼전기,초장(cm)_분얼후기,관개,시비,파종
Plot 1,1,33,0.060804286078125006,0.054497853484375004,0.06819574238020834,0.03265291759895833,0.037353535098958335,0.057845886140625,0.8378261529166666,0.7901712597916667,0.5981925914583334,0.7101177721354167,0.8049016428125001,0.49509854109375,3.57,2.58,0.57,1.07,2.21,1.23,0.5553898720833333,0.45857807515625,0.13783049211979168,0.4050285625,0.5361740636458333,0.12644252043229168,0.9096724776041666,0.8608002022395834,0.39853155682291663,0.8269377245833334,0.9165230513020833,0.21234669885416668,21.298201052083332,13.56760921875,2.3325626078125,11.128467292708335,23.199022348958334,1.5434354937499999,41.9,26.4,10.6,35.1,40.8,6.1,89,77,73,75,87.377,349.508,7,10,7,9,0.5,28,27,67,0,0,0
Plot 1,2,31,0.052950161300518134,0.04636449206217616,0.06767371905181346,0.028902086264248707,0.03248767668393782,0.05270127619689119,0.7954652144041451,0.7270538061139896,0.580327214611399,0.6737729772020725,0.7444683823834196,0.4751317694818653,3.78,3.01,0.72,1.09,2.23,1.24,0.4794934039896373,0.3702609938860104,0.12717870409326423,0.35296723222797927,0.4431931990673575,0.11333848790155442,0.8713990414507772,0.7925655000518135,0.35470328626943004,0.8003891351813471,0.8690661974093264,0.20580252367875648,14.637173139896372,8.71556576373057,2.101605501554404,9.416267231606218,14.571018349740934,1.5217621875647669,42.7,33.3,0.4,32.7,44.3,6.5,89,77,72,74,88.49249999999999,353.96999999999997,8,9,8,8,0.4,35,26,65,0,0,0
Plot 1,3,28,0.06368947741666667,0.05665375156770833,0.06938384060937501,0.034694338015625,0.038039544979166666,0.05409393949999999,0.8509782672395834,0.8031233459895833,0.5998032216666667,0.74982413609375,0.82024844125,0.4738039004166667,3.83,2.57,0.51,1.13,2.2,1.16,0.5794367998958333,0.48171067322916666,0.143109062171875,0.44850636145833334,0.5617987249999999,0.11368405086458333,0.9208720030208334,0.8736254623958333,0.3962982158333333,0.8659002877604167,0.9286740098958334,0.190558204375,24.35581470833333,14.963316669270833,2.3163324744791667,14.789730592708333,27.257879130208334,1.4734418093750001,45.7,32.8,25.5,36.9,44.8,7.9,93,70,74,72,53.175999999999995,212.70399999999998,9,9,8,7.5,0.7,27,22,60,0,0,0
Plot 1,4,34,0.05886972804145077,0.05046217852331607,0.06925562495854921,0.031142910606217614,0.03645465218134715,0.054636624082901555,0.8380258157512953,0.7795744859585493,0.591161135388601,0.7540641274611399,0.8058453935751295,0.47724227569948185,3.63,2.77,0.76,1.06,2.07,1.17,0.5519624613989638,0.442591421865285,0.13134611632124352,0.44482510860103625,0.5348075497927461,0.1283813603523316,0.9126904639896374,0.8564741123834196,0.37398653134715026,0.8842265920725388,0.9191586752849742,0.19216174756476684,21.997002487046633,13.040487777202072,2.1973102445595853,16.69400181865285,23.975904227979274,1.4772645243523315,46.8,25.7,27,33.3,40.5,8.3,89,75,79,80,125.06249999999999,500.24999999999994,7,9,7,8,0.6,28,23,66,0,0,0
Plot 1,5,32,0.07254502512435233,0.04683065216580311,0.0596109410984456,0.03459161991709845,0.044206879466321236,0.054263738870466316,0.8670661886528498,0.7503708600518135,0.5754147646632124,0.791431338134715,0.8409090295336787,0.4745329843523316,3.93,2.8,0.74,0.99,2.04,1.1,0.6198509986528498,0.4281169237823834,0.12637886537823834,0.501330568238342,0.6051588360621761,0.11188477361658032,0.9292443632124353,0.8266253,0.39849692569948186,0.9102322802590673,0.9363425408290155,0.1892372758549223,27.40303303626943,10.796915549222797,2.3336264777202076,21.751779199481867,30.62852260103627,1.469579307253886,42.4,32.5,25.5,35.7,40.4,6.4,86,76,78,64,99.83149999999999,399.32599999999996,9.5,9.5,8,7.5,0.7,29,24,67,0,0,0
Plot 1,6,42,0.06224259812435234,0.056558382383419696,0.06201885168911917,0.032669975103626944,0.038554437,0.05505992016062176,0.8394076354404145,0.8004666270466321,0.6135703321243523,0.7036071686528497,0.8015551830569949,0.4789980005699482,3.33,3.33,1.05,0.94,1.97,0.96,0.56363903746114,0.4834245643005181,0.16147714207253885,0.39647920917098445,0.5370464611398964,0.11278066081865284,0.9096901086010363,0.8700651619689119,0.47690495554404144,0.8155902355440414,0.9101996445595856,0.19156462920207254,21.47534547150259,14.599927914507772,2.831000638341969,10.901659704663214,21.888132031088084,1.476466410880829,41.6,27.9,21.9,34,36.3,8,81,83,75,63,124.2345,496.938,9,9,8,9,0.8,32,24,63,0,0,0
Plot 1,7,33,0.05136948974611399,0.04550349269430051,0.06294917440414508,0.029736324497409324,0.03371616450777202,0.058451730041450774,0.7952067658549222,0.7408424833160621,0.588327535388601,0.6439799629533679,0.7262439978238342,0.5003723726943005,3.27,3.17,0.92,1.04,1.77,1.06,0.4805685055958549,0.38754137637305697,0.13882652466321244,0.32610934678756476,0.4297904013471503,0.1430569483316062,0.8746664932124353,0.8170440398963731,0.40704667906735753,0.7521398230569949,0.8425095180829016,0.2196501770984456,15.09929632642487,10.00245894818653,2.376354392227979,7.5300502984455955,12.077466660103628,1.567626507253886,39.5,35.9,14.5,31.9,40.8,8,79,67,76,79,78.499,313.996,10,7.5,9,7.5,0.6,33,27,62,0,0,0
Plot 1,8,41,0.0519813634611399,0.044628476015544045,0.06274545083419689,0.02941025238341969,0.03268518749222798,0.0568848662849741,0.8008432612435232,0.7527975911398964,0.5911864415544041,0.6083896603108808,0.7265058703108809,0.4882681423316062,3.09,2.37,1.33,1.09,1.83,1.08,0.4891004733160622,0.4027784956476684,0.14038155623316062,0.30364936538860104,0.433277735492228,0.12164558379792745,0.8803587022279793,0.837156738238342,0.4160177642487046,0.6991560861139896,0.8471697488601035,0.1998803012435233,15.851682103626944,11.351332126943007,2.4273556487046632,6.1033851005181345,12.500321317616581,1.5014829683937825,44.2,29.2,1.7,38.6,46.5,4.2,75,67,79,79,89.45849999999999,357.83399999999995,8,9,8,7.5,0.4,32,28,60,0,0,0
Plot 1,9,38,0.04669427838541666,0.043395985302083336,0.060245755328125,0.028129421979166663,0.030730266359375,0.05537690346354167,0.7696024323958334,0.7257471284895832,0.5785263389062499,0.5556763039583333,0.6970174222395834,0.4897791150520833,3.33,2.21,1.16,1.2,1.62,1.11,0.4386773774479167,0.36559352557291663,0.13093457671354167,0.26365042625,0.39411120765625,0.124399832875,0.8531788249479167,0.8026227922395833,0.3998779122916667,0.6246732529166666,0.8203821643750001,0.215409520625,12.700886502604165,9.1960567921875,2.3350539151041665,4.5573251953125,10.453323093749999,1.5514650484374999,39.4,36.5,19,39.1,40.2,4.5,85,75,69,79,75.41699999999999,301.66799999999995,10,8.5,7,7,0.4,26,26,63,0,0,0
Plot 1,10,32,0.05374225936979166,0.04897074009375,0.06438634956770833,0.029211389171875,0.03444290077604167,0.05919644499479167,0.8037031652604166,0.7697793194270833,0.6081894359895833,0.5483056926041666,0.7168825755729166,0.5057168114583334,3.17,2.7,0.68,0.76,2.07,1.13,0.5013989277604166,0.42961580744791666,0.14909233744791667,0.26486424744791665,0.42696666421875,0.13288085708333333,0.8800549799479166,0.8472527444270833,0.4480438346875,0.5972504688020833,0.8263264782291667,0.22740883895833333,15.923957174479165,12.206894981770832,2.6267033088541667,4.3512547010416665,11.101927647395833,1.5937525067708334,39.5,35.6,16.9,32.2,40.3,4,80,71,77,79,46.299,185.196,9,8.5,7.5,7,0.9,24,22,64,0,0,0
Plot 2,1,49,0.08476894629166667,0.055715710703125004,0.05133978925520833,0.032519473828125,0.049626314760416665,0.06416344250520833,0.8676441444270834,0.77495301859375,0.61287140328125,0.7467156202604167,0.8353207415625,0.5229881430729166,4.29,0.57,1.72,1.29,2.81,0.5,0.6337261024999999,0.4695627983854167,0.18810041041666667,0.43345501796874997,0.5998072194270833,0.13983304942708333,0.91855023171875,0.8367602434895834,0.5443840682291666,0.871021211875,0.923513291875,0.23108189213541666,23.641057916666668,11.352355940104166,3.4273143249999998,15.158777282812501,25.296132359374997,1.6045313369791667,52.6,52.2,18.3,33.8,45.9,3.4,89,70,85,76,96.71499999999999,386.85999999999996,10,8,9,9,0.6,38,25,66,0,1,0
Plot 2,2,29,0.07153061340932643,0.06933604221243524,0.05639894644559585,0.02948068874611399,0.041106180518134715,0.061379232901554406,0.8418486596373057,0.817155651761658,0.6384073384974094,0.6554513466839378,0.7868299443523316,0.5211764444559586,4.33,0.53,1.68,1.34,2.93,0.67,0.5878547823316063,0.527507247357513,0.20933189160621762,0.3193878398445596,0.5206475666839379,0.1432895541088083,0.8999248886528497,0.8691256879792747,0.5700632012435234,0.7714725937823834,0.8894181364766839,0.25161113222797926,19.029014538860103,14.32015473834197,3.6868869481865283,8.121827031606218,17.232273378238343,1.684171612435233,54.8,39,11.8,29.3,49.3,3.4,87,70,83,73,87.2735,349.094,8,9,8,9,0.6,35,26,65,0,1,0
Plot 2,3,42,0.08082395576683937,0.06997024376165803,0.052144066813471494,0.03340371403626943,0.04407681938341969,0.06781340504145077,0.8636646954404146,0.8192118180829016,0.6693362352331607,0.6617396615025907,0.8065334060103627,0.5435356268393783,4.32,0.67,6.67,1.47,3.31,0.76,0.6235945539896373,0.5398820973056995,0.2597901801554404,0.35299945321243525,0.5566901669430051,0.15682576842487048,0.9172883963212435,0.8719091573056995,0.6598064981865285,0.7526571970984456,0.9038634417098445,0.26014936968911917,23.24503169430052,14.909202170984457,4.984910140414508,7.82245693419689,20.028277834196892,1.707057741450777,51.1,51,15.3,35,50.4,5.1,84,75,86,74,71.66799999999999,286.67199999999997,8,9,10.5,7.5,0.7,32,31,67,0,1,0
Plot 2,4,33,0.07648196615544041,0.06992941334196892,0.06333098375129534,0.030674804103626944,0.04053166594818653,0.06712964880829016,0.8516384387564767,0.8177625915025906,0.6802134186528497,0.6869459645595856,0.792181508238342,0.5378045297409326,3.97,0.77,5.11,1.38,3.32,0.78,0.6005074100000001,0.533708914507772,0.2684424565803109,0.3602760299481865,0.5309724311917099,0.15370033509844558,0.9065340597927461,0.8692484940414508,0.6277139854404146,0.8061745007772021,0.8965296156476684,0.2585682723834197,20.559021373056996,14.401974694300517,4.408789244041451,9.957377716062176,18.680314974093264,1.7087806077720207,49.8,46.1,9.2,33.8,50,4.9,88,69,78,64,148.948,595.792,8,8,8,8.5,0.7,37,28,69,0,1,0
Plot 2,5,33,0.07736950622797928,0.06949345961658032,0.058652891720207254,0.032450280274611394,0.04198398709844559,0.06446966983937824,0.8534257876165803,0.8151824149740932,0.6637026929533679,0.6553617226943005,0.7908960873575129,0.533744940880829,4.07,0.7,3,1.4,3,0.86,0.6067010678756477,0.5268633892746114,0.24866493347150256,0.3400659167357513,0.5337164105181347,0.15835876267357513,0.9079695978238341,0.8661012429015544,0.6149811631088083,0.7486272514507772,0.8913896058031088,0.26052639155440416,20.821331077720206,13.994195233160621,4.23771967253886,7.812826684455959,17.85579815284974,1.7097563487046634,49.7,53.4,10.3,34.2,44.8,7.5,85,75,77,72,114.64349999999999,458.57399999999996,9,8,10,6.5,0.9,41,30,57,0,1,0
Plot 2,6,36,0.084492011373057,0.05321096,0.05638971256476684,0.030641010746113993,0.043798558321243526,0.06022494801036269,0.8736007823316062,0.7602811343523317,0.6597099277720208,0.7245282033678757,0.8240603125388601,0.5263863570466322,3.67,2.63,1.28,1.2,1.81,0.89,0.6463189005181347,0.46486449787564765,0.26523757373056994,0.41254814880829016,0.5811810485492228,0.14889666427979273,0.9261714837823835,0.8210971450259068,0.6170146952331607,0.8545552933160622,0.9218679358549223,0.2680785810362694,26.165365424870465,10.24617060984456,4.267998210880829,13.18290936165803,24.77225992227979,1.7383251818652852,49.8,50,35.7,35.7,40.5,3,84,65,82,75,144.486,577.944,8.5,9.5,10,8,1.1,34,28,65,0,1,0
Plot 2,7,37,0.08110007299481867,0.05403267076165803,0.0542942619119171,0.03064642067357513,0.04399440926943005,0.05947456447150259,0.8729086310362694,0.766621051761658,0.6527208239378238,0.699334814611399,0.8255553715544042,0.5100916065803109,3.53,2.76,2.27,1.25,2.21,1.06,0.639632799015544,0.4718713978238342,0.25101920098445596,0.40236989041450777,0.5841154685492228,0.1318930209585492,0.9283469012435234,0.8285097662694301,0.6129665797927462,0.8162199078756477,0.922749175284974,0.23203678974093261,27.004427015544042,10.826153896373057,4.254863209326425,11.810881388082901,25.602055937823835,1.6055858813471502,60.3,46.4,47.2,29.6,42.4,2.8,80,72,82,83,95.03599999999999,380.14399999999995,8,8,9,8.5,0.8,28,27,60,0,1,0
Plot 2,8,39,0.0732971252849741,0.05668067035751295,0.05025802888601036,0.029820722896373057,0.04149484518134715,0.06229203724352331,0.858620369896373,0.778863775595855,0.6589182743523316,0.6771578787564767,0.8084207739378239,0.5268717550259067,3.23,2.47,2.48,1.19,2.01,1.08,0.6118401804145077,0.4816096161658031,0.25378190906735754,0.3618910001036269,0.5585665627979275,0.1448170821761658,0.9188653597927462,0.8407541894818653,0.6496463213471503,0.7986571841450778,0.9110728811398965,0.25789925974093264,23.745152113989636,11.919682849740934,4.818155709326425,9.464835250777202,21.889809906735753,1.705588952849741,48,47.3,39.5,31.1,43.1,5.3,79,71,78,83,86.7445,346.978,10,9,9.5,8.5,1.1,32,30,63,0,1,0
Plot 2,9,39,0.07553042750777202,0.05932312849740933,0.05270626029533679,0.02844273888601036,0.04330437321761658,0.06356204451813471,0.8652635814507772,0.7848600638860104,0.6349308113471502,0.6935334098445595,0.8279706604145077,0.5271384755440415,3.66,2.77,2.01,1.18,1.78,0.98,0.6262936493782384,0.49231788911917096,0.22003724010362696,0.379616809119171,0.58397849746114,0.14383146035751296,0.9243649496891192,0.8432502256994818,0.5844481400518134,0.8278830051813472,0.9263965542487047,0.2477192769430052,25.516567601036268,12.090785178756477,3.8449206652849743,11.18820256943005,26.307618222797927,1.6638025248704662,48.5,50.1,37.3,33.8,39.3,6.2,81,66,80,70,30.371499999999997,121.48599999999999,10,8,8,7.5,0.9,35,31,66,0,1,0
Plot 2,10,39,0.08266101424352332,0.05627998774093265,0.0516537780880829,0.03135245889637305,0.046274134725388605,0.0606042574507772,0.8740894938341969,0.7841815947668394,0.6471021467357513,0.7065999917098446,0.8345698224352331,0.5190127446632125,3.07,2.53,2.09,1.26,1.83,0.98,0.6431050532124353,0.49484689725388603,0.24002466740932643,0.4069707015544042,0.5949466727979275,0.144924518626943,0.9284546310362695,0.8500397615025906,0.6175341583419689,0.8289299717098446,0.9277883886528497,0.24697478792746114,27.053475689119175,12.551513411917098,4.268620361658031,11.22499805595855,26.816599751295335,1.6629182844559587,53,51.9,38.2,30.8,45.8,7.2,80,76,82,65,65.9525,263.81,9,9.8,9,8,0.7,32,27,63,0,1,0
Plot 3,1,23,0.06737992180729166,0.07191781627604167,0.05493363759375,0.028214370838541662,0.037196777229166665,0.05721072811979167,0.8667475756770834,0.8470317449999999,0.6729229139583333,0.5728371978125,0.8152974930208333,0.49878592447916664,3.22,3.39,1.14,0.41,1.61,0.64,0.6226053257812499,0.57334697671875,0.26395769927083335,0.2762591482291667,0.5721164001041666,0.12700797510416667,0.9337704586979166,0.9063517809375,0.6551784430208333,0.6545568227083333,0.9261322784895833,0.22262904140624998,29.29391430729167,20.482315932291666,4.8341551578125,4.9200131296875,26.204759541666665,1.5790107604166668,47.3,32.5,30.7,35.1,45.5,6.5,74,73,70,71,146.533,586.132,8,8,9,7.5,0.35,25,15,50,1,1,0
Plot 3,2,45,0.06383981834196892,0.07042051497409327,0.06474278939896373,0.026754956352331605,0.0338142861761658,0.06283299773056995,0.8697151234196892,0.8514114221243524,0.706976383523316,0.554976322746114,0.8074643542487047,0.519571943523316,3.11,3.73,1.3,0.42,1.25,0.48,0.6242692472020726,0.5816511693782384,0.3060921656476684,0.26684483088082905,0.5563780646632124,0.13990737617098445,0.9400908989119171,0.9135125039896373,0.6836855423834197,0.6372772387564767,0.9263948491191709,0.23358227445595856,32.557316331606216,22.26929215025907,5.379992412953368,4.81888509015544,26.47467710880829,1.6181502943005182,47.8,46.7,17.1,34.8,42.4,6.2,70,70,73,71,101.26899999999999,405.07599999999996,9,8,8,7.5,0.6,30,14,53,1,1,0
Plot 3,3,42,0.06455857622631579,0.06806555562105263,0.05817915298421053,0.026884291400000003,0.03406591335263158,0.060819044405263166,0.8683989873684211,0.8430943057894736,0.6814660503157896,0.5747592637894737,0.8127511465789473,0.5100321019473685,2.23,3.91,1.42,0.47,1.22,1.21,0.6217759942631579,0.5629003762105262,0.27481507636842106,0.281507469,0.56050369,0.13352735008421052,0.9380704350526315,0.9064311746842106,0.657394134,0.6692623084210526,0.9300702240526316,0.225394719,31.448725163157896,20.49902932105263,4.890521868421053,5.368378825789473,27.846311263157894,1.589340030526316,50.7,46.8,34,30.1,45.8,6,69,70,72,68,179.607,718.428,7.5,8,7.5,8,0.2,31,17,52,1,1,0
Plot 3,4,34,0.06311915425906736,0.06492860686010364,0.0562057030880829,0.026749558518134715,0.03355650916062176,0.06299041436787566,0.8596229375129533,0.8306613458549224,0.6687423386528498,0.5048274048704663,0.7815541351813472,0.5175891007772021,1.43,3.57,1.18,0.39,1.31,1.14,0.6032545510880829,0.5391068280829016,0.261997552746114,0.2314905423834197,0.5176120720207255,0.13455886131088082,0.9308267010880829,0.8947942510362694,0.6396188732124353,0.5470728763212436,0.9041212409326425,0.2262794232642487,28.024904424870464,18.240803374093264,4.5813015782383415,3.771086588082902,20.15943041450777,1.5941219839378238,49.2,42.6,18.3,36.8,41.7,4.8,69,72,65,69,64.1355,256.542,9,9,8,7,0.45,33,14,50,1,1,0
Plot 3,5,40,0.055300739427083336,0.05567501676041666,0.059243289510416665,0.02533653715625,0.028464520328125,0.06169451833854168,0.8187500169791666,0.81253376171875,0.7158150885937501,0.4422015645833333,0.6932266152604166,0.5232362089583333,1.78,3.1,1.2,0.41,1.67,1.11,0.5331610588020833,0.50533645140625,0.32307466,0.1954912941197917,0.40222668843750004,0.13930888240104167,0.8956252153645834,0.8894152658333333,0.7222540491666667,0.45269763031250004,0.8278103591145833,0.25210712234375,19.371419223958334,17.503415309895832,6.267356930729167,2.8040149864583337,11.8864898390625,1.6830744619791667,48.7,52.1,40.4,36.2,48.9,5.6,76,72,62,69,18.0665,72.266,7,8.5,7.5,6.5,0.6,33,13,51,1,1,0
Plot 3,6,39,0.05748110861458334,0.05462717775520833,0.05638085421354167,0.025012168296874998,0.03283944625,0.06009316652083334,0.7914177348958332,0.7797196414583333,0.6612796994791666,0.4407150559895833,0.68181740078125,0.5201352008333333,4.37,4.77,2.16,0.66,2.27,0.93,0.49699437640625005,0.46320486807291666,0.25666289828125,0.18475498520833333,0.40388867999999994,0.13940938308854167,0.8546154836979167,0.8456748788541666,0.6213756596875,0.4515370999479167,0.7861399547395833,0.25756405515624997,13.263318807291666,12.076095369791666,4.300238982291667,2.8511861265625,9.103625801041668,1.7009649651041665,47.9,50.9,4.1,37.9,46.6,5.8,79,65,68,65,165.278,661.112,9,7.5,8.5,8,0.45,28,21,56,1,1,0
Plot 3,7,26,0.053191836901041664,0.05381418539583334,0.05828382161979166,0.023606654421874998,0.028551169213541668,0.06308706057291666,0.7480265286979167,0.7572959354166667,0.6682388554687501,0.37395882822916665,0.6361612963541666,0.5421601130729167,3.77,4.37,1.78,0.67,2.21,0.97,0.43626187161458335,0.42320821619791665,0.26611542796875,0.14114259639583335,0.35429976265625,0.15729019572395833,0.8005429138020833,0.8136513878645834,0.62666961953125,0.34415428541666665,0.7506978928125,0.29060167859375,9.366688169270834,9.94989354375,4.3940244999999996,2.1003003875,7.334967108854166,1.82792980625,47.7,42,34,35.3,50.5,6.3,87,57,70,71,82.179,328.716,9,8,7,7,0.6,29,18,57,1,1,0
Plot 3,8,47,0.054403781371727744,0.05310751161780105,0.059120475230366495,0.024725353989528794,0.031075111078534032,0.05795634408376963,0.7644735281675392,0.7658648875392671,0.6707637773821991,0.41043515246073303,0.6567528528795811,0.5126809621989529,4.43,3.79,1.17,0.86,2.3,1.04,0.45822803136125656,0.43599924591623035,0.25506057696335077,0.16147535105759162,0.37975063020942407,0.13200073815183247,0.8232577065445026,0.8298081345026178,0.6275538453403141,0.3975258570680628,0.7638464595287958,0.2512876578010471,10.817981975916231,10.922222439790577,4.395292864397906,2.430067664921466,7.886457914659686,1.6775296261780104,47.4,47.1,29.7,37.9,48.1,6,78,66,73,66,71.99,287.96,9,7,9,7.5,0.5,29,17,59,1,1,0
Plot 3,9,34,0.05205332638341969,0.051999705766839384,0.058409568528497414,0.0242301175492228,0.02937928733160622,0.060433825746113994,0.7717542959585493,0.7709273806217616,0.6798517066321245,0.40692478248704667,0.6881480315025906,0.5157432676165803,3.89,3.93,2.76,1.2,2.17,1.07,0.45774359621761657,0.43842570310880824,0.2722771289637306,0.15816618345077718,0.40447512730569946,0.13170824833160621,0.8410994357512953,0.8403341727979274,0.6514875595336788,0.4003400756994819,0.8170604933160622,0.2402764376683938,11.924350966321244,11.62025346373057,4.772619553886011,2.3897397238341966,10.339963502590674,1.6364869569948188,46,49.8,23.6,35.6,47.4,6.8,77,67,75,65,91.48249999999999,365.92999999999995,9,7.5,8.5,7,0.5,30,20,60,1,1,0
Plot 3,10,40,0.05970584861780104,0.05924023921465969,0.06419342815706806,0.025562153109947645,0.03442280032460733,0.05871315469109948,0.824023159842932,0.8070336846073298,0.6930822638219896,0.444831525078534,0.7412377745549739,0.5101748567015707,4.23,4.13,2.61,0.6,2.15,1.12,0.5433364091623036,0.49517461931937173,0.2873761919371728,0.18244506369633506,0.4745664608376964,0.1291806047172775,0.8945719280104711,0.8740351937172774,0.6537161215183246,0.45274442387434555,0.8576051154973823,0.24041971905759163,18.331007518324608,14.957682447643977,4.794025297905759,2.7273386010471206,13.525204636125656,1.637223244502618,49.6,44.6,33.4,28.4,47.3,4.5,79,65,65,70,103.109,412.436,9,7.5,8,7.5,0.5,31,17,61,1,1,0
Plot 4,1,39,0.04874080407253886,0.04317721697927461,0.05814153540414508,0.028132899119170985,0.02972300783419689,0.052280109673575124,0.790324571658031,0.7443996570984457,0.6023667964248705,0.5452047386010362,0.7567686635751295,0.46994013300518134,2.74,1.87,1.07,0.56,0.71,1.64,0.4724128297927461,0.38894175134715026,0.158403867253886,0.2566568531088083,0.4761077441968912,0.1056975440207254,0.8741822955958548,0.8303870328497409,0.47349117751295333,0.6063136411398964,0.8919444192227979,0.19527652041450777,15.198553989637306,10.92598651088083,2.805337640414508,4.307130321243523,17.823095611398966,1.4877129823834199,36.2,34.7,4,33.7,38.1,7.7,64,62,70,61,69.2415,276.966,9,6.5,7,6.5,0.4,31,13,51,1,0,0
Plot 4,2,44,0.044514423435233166,0.037984403932642484,0.062342779694300514,0.02878039056476684,0.02585746656994819,0.05294793806217617,0.762114530103627,0.6931574476683937,0.5813625268393783,0.6214135717098446,0.7265737923316062,0.47306601134715026,2.63,1.73,0.9,0.57,0.73,1.53,0.4218730584974093,0.3181204912953368,0.13413017922279794,0.30685368865284973,0.4286941232124352,0.11193617095336789,0.8498983059067358,0.7781687869430052,0.39275078626943,0.7238388365284973,0.8778176193782383,0.1981269925388601,12.464504113989637,8.111016048186528,2.296136408290155,6.870625411398964,15.721396199481864,1.4979728378238342,41.2,26.1,4.6,30.6,30.1,8.8,69,62,66,57,28.795999999999996,115.18399999999998,8,7.5,9,6,0.35,21,14,51,1,0,0
Plot 4,3,44,0.04845592568393783,0.04117278541450777,0.059070798621761664,0.027374578046632122,0.02838970874093264,0.05329651431606217,0.781544190984456,0.7309897175647668,0.5846327274611399,0.5393159502072539,0.7395868888601036,0.476485247253886,2.33,1.53,1.01,0.46,0.69,1.47,0.45533878424870466,0.3657000952331606,0.13728613164248704,0.25180466383419686,0.4509926810880829,0.11056418916580311,0.8639930002590673,0.8192689113989637,0.42366870150259067,0.6031285258549223,0.8800402419689118,0.20144955787564767,13.881305813471501,10.127783933678757,2.4725340611398963,4.323920843523316,15.974121647668394,1.5063351668393783,41,34.2,17.7,33.1,40.6,7.2,70,60,69,64,93.3225,373.29,9,6.5,6,7,0.35,32,12,52,1,0,0
Plot 4,4,38,0.04712053101041667,0.042415861166666666,0.058502044223958334,0.027042042708333335,0.028783025192708336,0.056470281984375,0.7764111107291667,0.73607927203125,0.5982840724999999,0.4860211808854167,0.7161670264583333,0.49146717854166666,1.97,1.22,0.99,0.38,0.61,1.43,0.44910327791666665,0.377814729375,0.1520358409375,0.22015584557291668,0.4237989752083333,0.12140289864583333,0.8607567411979167,0.82121348890625,0.4609718778125,0.50934732265625,0.8532305385416666,0.21118486854166665,13.587223666666667,10.387903695833334,2.7142612468749996,3.3091475515625,13.034229596354166,1.5380928963541667,36.1,29,21,36.5,36.1,9,73,65,74,56,68.63199999999999,274.52799999999996,9,6.5,8,7,0.6,30,13,50,1,0,0
Plot 4,5,36,0.04712242573056995,0.04089300073056995,0.057253726626943,0.02920564321243523,0.02774070383419689,0.05200571575647668,0.7701578219170985,0.7103208601036269,0.573194839119171,0.5696816144041451,0.7045103519689119,0.47157352404145075,1.63,2.19,0.94,0.51,0.77,1.33,0.4396904329015544,0.34604912170984453,0.13380655900518135,0.27433093632124356,0.40974181082901556,0.11065031370984457,0.8514386919170984,0.7892493561139896,0.40789774569948184,0.6370513188601036,0.8422404154404145,0.20188631227979276,12.941332825388601,8.722645231088082,2.380210570984456,4.811882704663212,12.943002897409327,1.509759802072539,37.5,36.4,31.3,36.3,35.2,9.4,70,62,76,58,83.65100000000001,334.60400000000004,8,6.8,8.5,6.5,0.5,27,15,52,1,0,0
Plot 4,6,18,0.044038023300518134,0.03982544088082901,0.056506434072538865,0.02742921792746114,0.02875887293264249,0.05193929503108809,0.7744730416580311,0.7192064329015544,0.5751025367357513,0.5899185513471502,0.7259191563730569,0.47335525409326423,3.67,2.23,1.24,0.28,1.15,1.64,0.44826041176165804,0.35485706336787565,0.13180319348186528,0.2873292532642487,0.4297555636787565,0.11420126666321243,0.8672073142487048,0.8079414969948187,0.41849543772020725,0.6856794322797928,0.8631431761658032,0.2064307081865285,14.209367974093263,9.557550020207254,2.4433176243523316,5.94860641761658,14.341376937823835,1.5241259010362695,35.8,33.8,19.9,38.8,44.3,8.6,71,56,74,63,103.48849999999999,413.95399999999995,9,7.5,8.5,6.5,0.6,39,18,55,1,0,0
Plot 4,7,35,0.04164930757512954,0.04212123374093264,0.060693485575129526,0.027056852082901553,0.025624700269430048,0.0535567565388601,0.7790309065284975,0.7153704512953367,0.5911228392746114,0.49574027430051815,0.7314871483937824,0.4770998966321243,3.77,2.21,1.11,0.3,1.18,1.23,0.4423474631606218,0.3425473625906736,0.14793515430051812,0.22040967766839376,0.4290938643005181,0.11549970260103627,0.8788951513471502,0.791925268031088,0.42848050015544037,0.5270036156994818,0.8833121784455958,0.20020345136787565,15.780195256476684,8.713183095336788,2.5023924466321246,3.4929840875647664,16.53297233937824,1.5034807808290154,34.2,33.6,4.3,36.2,38.9,7.3,72,59,67,59,71.783,287.132,10,7,8,7,0.4,30,17,56,1,0,0
Plot 4,8,38,0.04645141172020725,0.04469054489637306,0.05993036090673575,0.027044122984455958,0.027924691098445593,0.052919237373056996,0.8089811934196891,0.7408710003108809,0.6000691103626943,0.5228458421761658,0.772727969896373,0.4729477053367876,3.23,1.93,1.02,0.42,1.2,1.33,0.49633727694300517,0.3810150889119171,0.15436520860103628,0.24263434373056997,0.49141962528497407,0.1099331181554404,0.9014522626424871,0.8196038716062176,0.456574061865285,0.5780392756476683,0.9120562447150259,0.19663433113989637,19.622922870466322,10.228962466321244,2.6832824715025905,4.056892116580311,22.206687476683936,1.4916299590673574,31.7,34.8,20.3,33.5,39,8,74,55,80,59,63.571999999999996,254.28799999999998,9,7.5,8,7,0.3,32,18,57,1,0,0
Plot 4,9,31,0.04500683945595854,0.044870016310880834,0.05681987867875647,0.02773116690673575,0.027214087393782383,0.0486221450103627,0.7157809460621761,0.6658517226943005,0.5592184841968911,0.5847791169430052,0.6694756779274611,0.44888428170984457,2.97,1.89,1.11,0.32,1.09,1.44,0.3663470970984456,0.29106408611398965,0.12993470983937824,0.2644554914507772,0.3623969307253886,0.09936062658549223,0.7801413264248704,0.6948028214507772,0.37642442606217613,0.6763809034715025,0.8069179764248705,0.18063796025388604,8.1694755253886,5.598133768393782,2.2098850383419686,5.644984086528497,9.547422991709844,1.444866932642487,34.4,30.3,15.5,37.8,40.1,7.4,74,59,74,57,48.610499999999995,194.44199999999998,8,7,8,7,0.4,38,15,59,1,0,0
Plot 4,10,38,0.042229262300518135,0.041072429067357516,0.05817694694818653,0.029496534269430056,0.02560690789119171,0.05403111756994819,0.7855816847668393,0.7308480226943005,0.5960513422279793,0.6189269095336788,0.7573238829015545,0.4769301893264249,3.11,2.21,1.05,0.33,1.11,1.45,0.4575759243005182,0.36402092834196886,0.15085590295854923,0.3097471853367875,0.46819813891191714,0.1071029239015544,0.8853085080829015,0.819206854611399,0.45787698191709847,0.7172180721761658,0.9069439649740932,0.19534677212435234,16.576296386010362,10.22096357150259,2.69174479015544,6.439136334196891,20.699647010362693,1.4881841735751293,38.4,33.6,14.9,36.8,41.4,6.5,79,49,66,58,42.216499999999996,168.86599999999999,9,7,7.5,7,0.6,25,14,58,1,0,0
Plot 5,1,43,0.03894262192227979,0.03864824409326425,0.060472981145077716,0.025686948481865285,0.024720943730569947,0.05378998537823834,0.6684508112953369,0.6294275807772021,0.5775638766839378,0.42911991647668396,0.6483633534715025,0.5013926022279792,2.03,1.19,0.97,0.18,0.89,1.17,0.31219008347150257,0.2497073276165803,0.14469735485492227,0.16619934868911915,0.3489906019170984,0.12983015749222798,0.7314399497927461,0.6677122273575129,0.39600995227979274,0.42029628626943005,0.7959981714507772,0.25837105264248705,6.734433103108809,5.075078839896373,2.314361687046632,2.57635028238342,9.239311109326426,1.7000993419689119,41.6,23.3,6.8,43.4,42.9,5.1,61,65,60,60,53.415,213.66,7.5,7.5,7,8.5,0.4,28,18,48,0,0,1
Plot 5,2,35,0.04037891384974093,0.03958915853886011,0.05918076150777202,0.024830651393782387,0.023704159953367877,0.052114380792746114,0.6694533496373056,0.6246314910880829,0.5604783843005181,0.4260239364248705,0.6356193194818652,0.496510370880829,2.04,1.07,0.83,0.12,0.81,1.22,0.309394594507772,0.2450140241450777,0.13572169475129534,0.1694364229481865,0.3340712630569948,0.1330472062746114,0.725087958134715,0.6516942881865285,0.3625137837823834,0.4266102801036269,0.7887471309326426,0.26256466823834196,6.482727515025906,4.803778863212435,2.1400541124352332,2.611398174611399,8.769528252331606,1.7179966834196891,38.5,38.1,10.5,37.8,43.2,5.6,60,66,59,56,86.25,345,8,8.5,7,7,0.25,27,16,47,0,0,1
Plot 5,3,41,0.040358051373056994,0.0408259982746114,0.06016802281347149,0.024421520725388602,0.023591120461139897,0.05251616856476684,0.6685950620725388,0.626127712642487,0.5598501113989638,0.42583638170984456,0.629613385388601,0.5009624929015544,2,0.83,0.96,0.21,0.73,1.23,0.30994328264248705,0.24810446668393785,0.13806312390673575,0.16960386355440413,0.3203077762176166,0.13548954711398964,0.724410089896373,0.6446355827979275,0.3536831905699482,0.4333836944559586,0.7826170632124352,0.26823485683937826,6.3916711435233164,4.715317090673575,2.096520793264249,2.65005435388601,8.374376026424871,1.7369407958549221,38,14.7,13.7,38.8,39.1,4.5,61,62,55,54,64.19999999999999,256.79999999999995,7.5,7.9,7,8,0.45,30,18,46,0,0,1
Plot 5,4,43,0.0411128061761658,0.039451954212435233,0.056167966751295345,0.02601996776165803,0.02546079887046632,0.05298111720725388,0.6692908713989637,0.6295674415025907,0.5452950182901555,0.4313443352849741,0.6110275237823835,0.4956578275129534,1.77,1.33,0.73,0.22,0.77,1.09,0.3120446365803109,0.2506714471502591,0.12668783305699483,0.17224156749222796,0.30545832062176165,0.13234402073056994,0.7214529375129534,0.6612670917098445,0.3481680169430052,0.41926123585492225,0.7403580427979274,0.25102472476683935,6.329172575129534,4.970185294818653,2.071975203626943,2.5755329,6.903308493264249,1.6769885,34.4,27.3,28.6,33.4,42.8,6.1,60,62,58,56,85.5,342,9.5,7.5,7.5,7.5,0.45,28,17,50,0,0,1
Plot 5,5,29,0.04336040886458333,0.042542965078124995,0.057570757578125,0.024091793484375002,0.025804117067708333,0.05446221775520833,0.6906325252083333,0.6536394129166666,0.5627174285937501,0.37820554776041665,0.6302942577604167,0.5050540135416667,1.83,1.23,1.08,0.19,0.75,1.08,0.3402780291145833,0.2869138296354167,0.14332352496875,0.13808373932812498,0.32077506338541667,0.13089131599479167,0.7455035798958334,0.6857041252083333,0.3811008679166667,0.3430323771354167,0.7639884576041666,0.2610090196354167,7.054356420833333,5.4362375671875,2.2360904046875,2.1081287390625,7.745187282291667,1.7118906692708336,38.7,24.5,8.5,41.3,43.9,3,63.5,68,58,63,57.915,231.66,9.5,7.5,7.5,7,0.4,36,19,51,0,0,1
Plot 5,6,39,0.04246401075647668,0.03963186596373057,0.05689658502072539,0.02517289841968912,0.026332995606217616,0.05582267678756478,0.6842367935233161,0.6411886074093265,0.5607156466839378,0.41350075704663214,0.6235670946632125,0.5103617446113989,2.07,1.93,0.94,0.53,0.74,1.03,0.3319238227979275,0.2725491458031088,0.13585156268393783,0.16107397275129534,0.3197723883419689,0.13834424516580313,0.7390448543005181,0.681201375388601,0.38046960958549225,0.3948742816062176,0.7502877984974093,0.2633564916062176,6.845222893782384,5.445349409326425,2.2310802497409328,2.3967530217616577,7.309100740414507,1.7200510932642485,45,37.7,26.7,34.8,40.9,4.3,61,65,60,62,58.83,235.32,9,8.5,7,7.5,0.55,35,20,56,0,0,1
Plot 5,7,37,0.04057746937305699,0.039756894145077715,0.05493001159585493,0.024770805373056995,0.0261043706373057,0.05533143406735751,0.6752236518134715,0.6339923358031088,0.545232327253886,0.39330519860103624,0.6261330238860103,0.5080022277720208,2.23,1.63,1.16,0.54,1.17,1.17,0.3238300135233161,0.2663045593264249,0.12963956412435235,0.15289518192746115,0.3251804440414508,0.13871387050777204,0.7343717341450777,0.6667541319170984,0.3567903974611399,0.36150675725388604,0.7557519745595855,0.26180551518134715,6.692195242487046,5.106678364248705,2.1123925606217617,2.1996235518134717,7.514130946632124,1.7179660564766839,34.1,36.5,28.3,33.3,43.6,5.1,65,60,57,60,86.535,346.14,9,7.5,8,7,0.5,28,17,57,0,0,1
Plot 5,8,34,0.035132736419689115,0.03722061604663213,0.04814118555958549,0.022890595538860102,0.024664764834196894,0.044302528984455955,0.5234443762694301,0.5491944020725389,0.5043761173056995,0.3227972024352332,0.4971308361139896,0.4926215864248704,2.11,1.47,1.34,0.47,0.93,1.16,0.19209999647668394,0.19232697989637307,0.11170160290673574,0.10571955583937824,0.2164066243523316,0.13946324542487046,0.488466311761658,0.5195902770466322,0.3169440234196891,0.2524380040932643,0.5627311452849741,0.3253644240932642,3.017447044559585,3.250392518134715,1.9341757025906736,1.7070150984455958,3.745648294300518,1.975596309326425,38,23.5,12.7,41.3,41.4,4.3,67,56,57,62,25.02,100.08,8,7.5,8.5,8,0.5,27,15,50,0,0,1
Plot 5,9,31,0.03855583865803109,0.03747408543005181,0.05483816402072539,0.02352043168911917,0.025275148844559586,0.05149407560621762,0.6024006817616581,0.5851237419170984,0.5464168455440415,0.34645645316062174,0.5622288953367875,0.5108087797927461,1.97,1.33,1.35,0.38,0.84,1.24,0.24963401393782383,0.21873559829015546,0.1341940634611399,0.11545737936787565,0.2686241339896373,0.14812454931088082,0.6163617372020725,0.5917522576165803,0.36066770652849744,0.2891969131088083,0.6678255026424871,0.3009098636787565,4.306384992227979,3.9459588492227984,2.1316746932642485,1.847610094300518,5.183584479274612,1.8710077424870466,48.2,22.2,10.2,39.7,39.7,3.8,66,55,56,58,47.775000000000006,191.10000000000002,9,8,7,8,0.5,25,17,52,0,0,1
Plot 5,10,33,0.03802367335751295,0.03956672651813471,0.05959578748704664,0.02516232587564767,0.025492722238341967,0.051545832124352334,0.6391995035751296,0.6106224304663213,0.5590113218134715,0.3919500915544042,0.618383022746114,0.4955354677202073,1.73,1.83,1.18,0.61,0.67,1.23,0.2793150033678756,0.2346238710880829,0.14044179015544042,0.1408015931658031,0.3167622317098446,0.1346374762176166,0.6872672369430052,0.6249248835233161,0.355438077253886,0.35282882502590673,0.749612560103627,0.2627694358031088,5.625331082383419,4.376892111398964,2.1050780393782382,2.163200821243523,7.3584582129533675,1.717478989119171,39.6,31.4,7.7,40.2,41,3.9,67,68,52,58,58.71,234.84,9,8,8,7.5,0.4,37,19,50,0,0,1
Plot 6,1,42,0.050905374326424876,0.04933216069948187,0.053188593455958555,0.025354672896373057,0.030146971533678756,0.05752456850259067,0.720772136373057,0.7267055469948187,0.6169415206735751,0.3864570731088083,0.649602974404145,0.5327239961139897,2.23,1.47,0.99,0.19,1.23,1.16,0.40154553150259065,0.3831425945595855,0.19643332316062176,0.13894783576165803,0.36143417839378233,0.14348413222797926,0.7630008375129533,0.7795213065803108,0.5411231612435233,0.3390557625388601,0.7575591846632124,0.30593989046632125,7.753088470466321,8.264161308290156,3.3773223388601035,2.146740648704663,7.7097431476683935,1.9117457466321244,48.3,50.1,15.1,36.9,45,5.6,69,72,70,62,78.99,315.96,9,8,9,8,0.7,34,23,53,0,1,1
Plot 6,2,30,0.05799123832812501,0.05631090898958334,0.05628577013020833,0.026619032640625,0.03540649824479167,0.058776975848958336,0.7598176567708333,0.7416320266145834,0.6140004183854166,0.43593836354166665,0.6864973288020834,0.5081681411979166,1.77,1.62,1.03,0.19,1.27,1.06,0.4528231922916666,0.4054223734895834,0.18960334187500003,0.173657458984375,0.4097254925520833,0.13105932166145834,0.8048522284895833,0.77979007828125,0.5143252381770833,0.4178352828645833,0.7790868518749999,0.23569950942708331,9.528949491145832,8.158492707812501,3.1253352447916662,2.571373225520833,8.601490685416666,1.6207276046874999,40.8,40,34.1,35.6,44.3,3.1,72,78,65,64,72.48,289.92,8,9,9.5,8.5,0.35,38,24,56,0,1,1
Plot 6,3,42,0.05425764427979275,0.05138637741450777,0.05493055589637306,0.027886919580310882,0.03416134407772021,0.06107067488601037,0.7693721896373057,0.7436303894300518,0.6150960425388601,0.46597958103626946,0.6827950424870467,0.5352161066321244,1.98,1.76,1.05,0.22,1.24,1.09,0.45951748746113985,0.4045746131088083,0.18230041129533678,0.190605444746114,0.400191100880829,0.15882959158031087,0.8308075725906735,0.8004719159585493,0.524183208341969,0.45937509533678755,0.7804012895336788,0.2870150901036269,11.119123716580312,9.199644534715025,3.2748428989637306,2.883740779274611,8.794742455440415,1.8177837502590675,50.9,45.9,14.5,34.4,43.9,6,75,77,62,50,87.78,351.12,7,7.5,9,9,0.9,29,25,53,0,1,1
Plot 6,4,34,0.057719705812499994,0.05473379486458334,0.05708942068229167,0.031057652046875002,0.03572391973958334,0.05763525416145833,0.7824858859375,0.7437435232291666,0.5806099488020834,0.5465228316666667,0.7108460720833333,0.4988758869791667,2.13,1.75,1.15,0.26,0.97,0.85,0.4797896859895833,0.4088586541666666,0.1467555835,0.24881132828125,0.4318126633854167,0.12933394836979167,0.8411228742708333,0.7888100398958334,0.427964969375,0.5759893066666667,0.8126190953645834,0.22205045307291668,11.914833735416666,8.541269922916667,2.505711146875,4.0248794921875,10.2285857359375,1.5749417489583333,45.1,49.8,26.1,33.7,45.6,8.4,75,69,57,55,115.57499999999999,462.29999999999995,8,8,9,8,0.9,43,22,50,0,1,1
Plot 6,5,44,0.055915604746113984,0.050850095352331606,0.05707706647150259,0.02903348748704663,0.03203167023834197,0.055067018538860105,0.7581309090155441,0.7179258179792746,0.5781528596373057,0.5299197597409326,0.6786735588082902,0.5059775805699481,2.11,1.88,1.36,0.26,0.98,1.16,0.44228913217616583,0.37521831036269426,0.15228127194300517,0.22494646955958547,0.38313689766839376,0.13761234802590674,0.8070919664248705,0.759410501865285,0.4218620387564767,0.5675407445595855,0.7901839485492228,0.2611088783937824,9.886840921243524,7.371364557512953,2.4876051538860104,4.058558298445596,8.944393757512954,1.7191136559585491,47.4,44,42.5,33.7,47.7,9,75,70,54,63,166.215,664.86,7.5,8,8,8,0.5,30,21,56,0,1,1
Plot 6,6,43,0.05387487992227979,0.051199004704663216,0.054974795191709835,0.02773718634715026,0.02972652300518135,0.060064555953367876,0.7707913393264249,0.7437704293782383,0.6043487465803109,0.5145284689119171,0.6787774210362695,0.5136037707772021,2.18,2.33,1.04,0.27,0.88,1.17,0.459214206373057,0.4059938898445596,0.17764933518134715,0.22419241205181348,0.3791704876165803,0.1357163221968912,0.8345704052331606,0.8010836321761658,0.49978578927461137,0.5519024225906736,0.8026599503108808,0.24104768,11.210190424870467,9.190327827979274,3.0321088108808287,3.925715965803109,9.538080355958549,1.6427732025906736,46.3,41.6,46.2,35.3,43.3,8.8,70,63,65,58,93.105,372.42,9,8,7,8,0.7,33,24,47,0,1,1
Plot 6,7,44,0.049695826658031086,0.04868834062176166,0.056974943927461136,0.025853481341968913,0.028173084720207252,0.060650845445595854,0.7435138197409326,0.7377271870466321,0.6194200778238342,0.43277922274611397,0.6438434609326424,0.5232318525388601,1.93,2.28,0.87,0.22,0.83,1.22,0.41665833414507775,0.38744264041450777,0.18570557269430052,0.16444713409326425,0.3355981684974093,0.13884505532124353,0.8041016236787565,0.80019545373057,0.522493794404145,0.4241576934715026,0.7643505079274612,0.2589132560103627,9.763144333160621,9.230091603108809,3.2096789129533683,2.62093286373057,7.853746232124353,1.7039995404145079,49.3,43.3,20.9,34.2,45.2,8.6,66,65,67,62,70.605,282.42,8.5,8,7,8,0.65,22,23,48,0,1,1
Plot 6,8,47,0.052061575911917096,0.049136725290155434,0.05841152933678757,0.027582491279792745,0.028936258409326426,0.05798070207253886,0.7621843287564768,0.7412107500518135,0.6114101841968912,0.5126946770466321,0.6823957433678757,0.5087902757512953,1.78,2.15,1.06,0.4,0.91,1.09,0.4424029739896373,0.39420443471502586,0.17809558502590672,0.21292944396373056,0.3788038731088083,0.13966037546632123,0.8265399586528498,0.8046710930051814,0.49379391336787565,0.551077568134715,0.8119536896891192,0.24284253709844558,10.71729667150259,9.363194830051814,2.962552392227979,3.8875456388601033,10.012704575647668,1.6470299119170986,48.6,49.4,18.4,35.1,42.3,9.1,74,64,75,64,36.495,145.98,8,8.5,8,8,0.8,30,23,50,0,1,1
Plot 6,9,44,0.05591636146632124,0.05120763223316062,0.05692676547668394,0.02766070015544041,0.03184464095854922,0.05626247647150259,0.7815905218134714,0.7405697880829015,0.5955995524352332,0.5124115929533678,0.7033200798445596,0.49678376445595857,1.97,2.37,0.94,0.41,0.67,1.23,0.472259115388601,0.399797142746114,0.16427611585492227,0.21056899958549224,0.41576907595854923,0.12485124921761658,0.8447920332642487,0.7957990452331607,0.4659836549740932,0.5517983483937824,0.8234109858549223,0.22734561544041448,12.051738396373057,8.944741682901554,2.752773639896373,3.700649475647668,10.56569623834197,1.5922244056994819,43.9,43.1,11.6,35.3,45,7.1,74,71,65,58,61.62,246.48,7,9,8,6.5,0.5,45,24,47,0,1,1
Plot 6,10,38,0.05737743974479167,0.05382150531770833,0.056441208484375,0.027579373046875,0.03370886644270833,0.056626273494791664,0.79947131890625,0.7646279323958334,0.6024655656770833,0.4872315548958333,0.73578999234375,0.5021522596875,2.13,1.78,0.96,0.23,0.74,1.16,0.5040006771875,0.4304348533854167,0.17040771151041667,0.21175768161458333,0.46056769890625,0.12466127094270833,0.8669362942708333,0.8255239163541667,0.48566968156249996,0.5051804747395833,0.8541782212500001,0.23850329098958334,14.277011783854165,10.56016409375,2.8982203614583333,3.2944281890625002,13.221250786458334,1.6326310567708333,42.7,44.9,33.1,34.8,46.6,4.8,73,71,69,59,106.305,425.22,6,8,8,7.5,0.6,39,25,48,0,1,1
Plot 7,1,31,0.05538997169430052,0.05803687776165803,0.06584184024352331,0.023205517450777206,0.030492749875647665,0.061472163487046635,0.8267736944559586,0.8131381347668394,0.7197233531088083,0.3794301458549223,0.7360009462176166,0.5245237810362694,2.01,2.77,0.68,0.19,0.77,0.74,0.541135987253886,0.500117280984456,0.3251235815025907,0.147267044373057,0.4561186870984456,0.13498426358031088,0.9052592178238341,0.8842583788601037,0.7033882588082901,0.3621879704145078,0.8678615080310881,0.25473641098445593,20.385539238341966,16.395298487046635,5.766041287564767,2.2554290839378237,14.622904440414509,1.6872511160621761,46.9,38.6,40,34.6,43.2,12,55,66,58,57,129.58,518.32,8,8,8.5,7.5,0.4,24,17,40,1,1,1
Plot 7,2,31,0.057253534777202075,0.05975935816062176,0.06733650012435233,0.023636172880829018,0.02934183393264249,0.06680753462176166,0.8324560881347149,0.817392093523316,0.7300645025906736,0.4096350551295337,0.7370144101554404,0.5452508250777202,2.03,2.63,0.49,0.23,0.78,0.67,0.5498073756994819,0.5153251007253886,0.33562676062176167,0.1682694174404145,0.45468866652849743,0.15778407520207252,0.9085598116580311,0.8862917369430052,0.7195235333678757,0.41539677238341965,0.8734247737823835,0.2718264389637306,21.184270606217616,16.801090756476686,6.16360264404145,2.563574731088083,15.200368339378239,1.7612283860103628,43.4,51.5,36.4,35,38.6,13,57,63,59,52,143.51,574.04,9,8,10,9,0.2,34,16,41,1,1,1
Plot 7,3,44,0.05318791785492229,0.05560194922279793,0.06799956935751295,0.023052736730569946,0.027519945284974093,0.061767760046632134,0.8103342776165803,0.7990512438341969,0.7159865720725389,0.37697553103626946,0.6992190818652849,0.5649951224352331,2.17,2.42,0.27,0.33,0.85,0.94,0.5130818501554404,0.4784863965803109,0.3073806670984456,0.14408813233678758,0.4065232060103627,0.16378111233160622,0.8892452867875649,0.8705210512435233,0.6865698826943004,0.3598157736787565,0.8405132054404144,0.3580949206217616,17.626229386010362,14.646910352331606,5.421138180310881,2.2008615647668393,11.918189060621762,2.2550899010362695,42.7,30.8,9.7,34.8,43.2,13.5,54,70,60,62,51.17,204.68,9,7.5,7,8,0.4,27,14,42,1,1,1
Plot 7,4,42,0.05385886803108809,0.060975425222797926,0.07069240455440415,0.022051149803108808,0.027521225036269432,0.06562690632124353,0.8067069467357513,0.8108924551295337,0.7241152389637305,0.3143948640932642,0.6547858811398963,0.561038737150259,2.07,2.44,0.31,0.18,0.9,0.72,0.5113981586010362,0.48758711227979273,0.3264048742487047,0.10551826156994819,0.3698515865284974,0.1724163579015544,0.8827224691709844,0.8760469156994818,0.6950087515544041,0.25225019243523317,0.7805337283419689,0.3203055033678756,17.35938612072539,15.319911196891193,5.574695463212435,1.721619898445596,9.330076138860104,1.9824038715025907,30.5,44.6,12.7,33.9,41.2,13.6,54,62,60,51,55.39,221.56,7,8,7.5,7.5,0.25,33,20,40,1,1,1
Plot 7,5,46,0.05783473571502591,0.05868913314507772,0.067061951746114,0.022513363792746113,0.03054220378238342,0.06556067508290156,0.8284281977720207,0.8099831727461141,0.7240196703108809,0.3435486195854922,0.6987871888082902,0.5442522724870467,1.77,2.21,0.34,0.16,0.91,0.68,0.5462101803108809,0.504527730777202,0.33458853284974094,0.12647303430569948,0.4113348296373057,0.15576477768393782,0.9030305149222798,0.8792874774093264,0.7085216020725389,0.301901241865285,0.8222514450259066,0.27932734777202073,20.212018829015545,15.794923069948187,5.900151451813472,1.9250967575129534,11.07688432746114,1.781866305699482,38.2,44.6,41.5,38.7,40.5,3.4,47,59,54,52,116,464,9,7.5,7,8,0.2,30,14,44,1,1,1
Plot 7,6,39,0.05485743143523316,0.055973285062176165,0.07136135275647669,0.022043416430051813,0.027967512471502594,0.06544696302072539,0.8072856265284974,0.8090543766839379,0.729660106373057,0.3363348788601036,0.6536414694818653,0.5505828244041451,2.63,2.73,1.4,0.41,0.66,0.37,0.5133507121243523,0.5007375956476684,0.34385929207253885,0.11818158829533679,0.3604622025388601,0.1607580020103627,0.8812347507253886,0.8828753046632124,0.7038257831606217,0.2954844400518135,0.7775032375129534,0.29872414056994817,16.96460119119171,16.268470284974093,5.784370462176166,1.8955116352331605,8.727399868911917,1.8641632606217615,44.1,47.5,38.5,34.6,41.3,4.4,63,60,62,54,103.85,415.4,9,6.5,8.5,9,0.2,36,12,46,1,1,1
Plot 7,7,39,0.04986613663541667,0.053392349609374994,0.06296187544791666,0.022718904078124998,0.025063121463541668,0.063119435078125,0.7453807729166666,0.7713921015104166,0.6939025685416667,0.3591043660416667,0.6400135078645833,0.53429680703125,2.43,2.47,1.07,0.32,0.57,0.91,0.44607118343749996,0.44970931875000003,0.289069974375,0.13611922325520834,0.35348107411458335,0.14866464202604165,0.79743180203125,0.83308382078125,0.6617415825520833,0.32970760547395833,0.7743537527604167,0.26745611203125,12.934407755729167,12.725658948958333,4.995013879166667,2.088769966666667,9.737154905729167,1.7369171135416668,45.8,45.2,40,34,42.5,19.6,67,59,60,61,99.71,398.84,7,7.5,8.5,9.5,0.3,25,13,47,1,1,1
Plot 7,8,39,0.04487755018134715,0.04960750848186529,0.0627609081865285,0.02173698854404145,0.025217793134715026,0.06086038343005182,0.7717647170466322,0.7779988131088084,0.7026354297927462,0.32474976005181344,0.6296558827461141,0.5344225443005182,2.33,2.67,0.94,0.17,0.53,1.32,0.4576323828497409,0.4454740331088083,0.3010348490673575,0.11284029243523316,0.34058931917098445,0.1492412382642487,0.8594824781865286,0.8559204310362695,0.6785652722279794,0.2797689924870466,0.7660281048704662,0.28843589922279794,14.487847620207253,13.314247674093263,5.310176088601036,1.8197284046632125,8.239962065803109,1.8256530196891192,47.2,48.5,36.5,34.3,40.8,6,64,58,57,64,96.61,386.44,8,8,8,8.5,0.35,37,14,47,1,1,1
Plot 7,9,40,0.04647934832642487,0.04607574252331606,0.06350673608808291,0.02274545225388601,0.025520044730569947,0.06051490416062177,0.7916092650259068,0.7821349351295336,0.7048590662694301,0.36271452445595853,0.6358909884974093,0.527147790880829,1.99,2.33,0.87,0.31,0.6,1.13,0.4748190131088083,0.4448132030051813,0.29794446497409327,0.13294155958549222,0.3473889397927461,0.13971075830569948,0.8803694825388602,0.8716861791709845,0.6806194461139896,0.3362508552849741,0.771775872642487,0.26969396010362695,16.501234666321242,14.874180134715026,5.343040410880829,2.105487270984456,8.412192333678757,1.7452048994818654,46.7,49.2,31.6,30.7,41.2,14.5,71,57,57,59,88.63,354.52,9,8.5,7.5,8,0.15,30,12,48,1,1,1
Plot 7,10,38,0.0442605717591623,0.044772344900523564,0.06405371738743455,0.022042224743455498,0.024321632534031412,0.06282156256020943,0.7824964169109947,0.7704591954450262,0.6897039847643979,0.3484762909947644,0.6484925289005236,0.536341042408377,2.17,2.21,0.62,0.29,0.5,1.07,0.46461399047120416,0.42948608769633506,0.2883717071204189,0.12275368643455496,0.35028612895287964,0.13966634828795813,0.8753475116230366,0.8614174791623037,0.64465609486911,0.3208499077486911,0.7983578417801046,0.27826804240837694,15.760904787434557,13.753198633507854,4.749403608376963,2.0266673738219896,9.454885955497382,1.7779590732984294,41.9,48.1,9.5,33.3,41,16.5,58,50,57.5,58,127.58,510.32,8,9,8,8.5,0.3,30,15,46,1,1,1
Plot 8,1,35,0.03763369246354167,0.03951411940625,0.059185002906250006,0.022510721598958332,0.023683278005208336,0.06182157670833334,0.7273704400000001,0.704600740625,0.6271346191145833,0.38764899531249997,0.6789717629166666,0.524628391875,2.59,2.37,0.61,0.07,1.35,1.14,0.38187323739583334,0.34215119062500005,0.1992553661458333,0.14869197219791666,0.3841995000520833,0.13730819819791668,0.8282426883333334,0.7875886303645833,0.5269124783333333,0.3897063695833333,0.8396551843229166,0.25387627041666666,10.825714570312499,8.605759208854167,3.234489836458333,2.4099618645833334,11.9039177015625,1.6856138677083334,37.5,34.5,0.2,37.2,31.1,9.4,70,54,61,59,76.6,306.4,8,8,9,7,0.4,30,12,47,1,0,1
Plot 8,2,29,0.038629682652849745,0.03868488770466321,0.055304154269430056,0.022094989533678756,0.023974051569948186,0.056501565699481865,0.6827194079792746,0.6585874631606218,0.5863181451295336,0.36023439056994816,0.6397566891709845,0.5069267980310881,2.63,2.47,0.43,0.08,1.27,1.23,0.332845125492228,0.2938823329533679,0.17279267165803108,0.13388910065284976,0.3437872750777202,0.1418107530310881,0.7567197315025906,0.7173552268393781,0.4549588003108809,0.3431170652849741,0.791227744715026,0.250956105388601,7.5329784124352335,6.254544101554404,2.6776772575129533,2.1456726113989637,8.984076931606218,1.6771234191709843,32.6,32.2,10.4,37,38.2,9.9,60,55,56,62,44.64,178.56,8,7.5,7,8,0.3,40,13,48,1,0,1
Plot 8,3,30,0.03913611240837696,0.03905066120418848,0.05475133527748691,0.022782848115183246,0.02395415870157068,0.054466829382198954,0.6741161235602094,0.6592103818848167,0.5821679934554974,0.3961113740837696,0.6325258668586388,0.5021935215183245,2.17,2.23,0.25,0.1,1.21,1.22,0.32384977612565446,0.2899584737696335,0.1680306184816754,0.15325829764921467,0.33625834424083767,0.13813226167015707,0.737809042303665,0.7153572369633507,0.4492066319371728,0.40092166214659686,0.780333747486911,0.25537995031413613,7.1648225465968585,6.271296148167539,2.6443652167539264,2.4435969214659687,8.677195572251309,1.6919772685863876,38.1,35.4,6.4,35.6,38,10.5,67,48,59,54,58.52,234.08,8,8,7,8.5,0.35,37,14,49,1,0,1
Plot 8,4,36,0.03914920212371134,0.03823806639690722,0.05159504396907216,0.024201599783505157,0.024575210829896905,0.055388928046391755,0.6690790039175257,0.653804053814433,0.5580331445360824,0.434624216185567,0.6167050832989691,0.5080898395360824,2.43,1.77,1.01,0.11,1.17,0.83,0.3219578494845361,0.29073210355670104,0.1482735868969072,0.18053247389690721,0.3214197430927835,0.14086923345360824,0.7316584963917526,0.712030265515464,0.4151368018556701,0.4517967368556701,0.7532305680412371,0.26286189783505154,6.745653048969072,6.098735440206186,2.425954105670103,2.8044421726804125,7.697654872164948,1.718997280927835,36.3,35.14,23.1,34.6,37.8,11,70,53,55,58,61.64,246.56,8,7,8,7,0.2,34,12,53,1,0,1
Plot 8,5,26,0.0409572531761658,0.038036677502590675,0.056721814243523315,0.024812247673575132,0.02540934144041451,0.0599151744507772,0.7323056008808291,0.6878283850777202,0.5860596088082901,0.4623203714507772,0.681544160984456,0.519652884404145,2.33,2.23,0.61,0.12,1.3,0.92,0.3824504779274611,0.3223712283937824,0.15753023430051813,0.19643562673575132,0.38019040829015543,0.13908773277202072,0.8207971579274612,0.7697061211398963,0.4437348246113989,0.4964548253367876,0.8318852675129534,0.25752682031088087,10.422874740932643,7.7933194419689125,2.5987880839378237,3.0933347010362695,11.274982027979274,1.6983612663212435,40.5,33,17.2,34.6,34.8,11,64,56,51,58,84.22,336.88,7,7.5,7,8,0.45,26,15,52,1,0,1
Plot 8,6,24,0.04135841069791667,0.03819647947916666,0.05974268811979166,0.024068744838541666,0.027115082869791664,0.06033433455729167,0.7428688669270834,0.7104279693229166,0.6188086739583333,0.41112264098958334,0.6871103358854166,0.522487114375,2.63,2.63,0.73,0.27,1.33,1.12,0.4013578794791666,0.35257392973958335,0.18428321786458335,0.16190783017708335,0.38957003552083336,0.14088441541666666,0.83360033125,0.8027601635937499,0.5027598352604167,0.4095958497916667,0.8282999233854166,0.25958123854166665,11.382403575,9.250648640104167,3.0285814239583337,2.4688881635416666,11.015263261979166,1.7047397687499999,37.4,35.5,28.9,37.6,40.7,10.2,70,67,67,59,84.05,336.2,8,8.5,9,8,0.4,40,16,47,1,0,1
Plot 8,7,34,0.037655845269430055,0.03788751794300518,0.05600178314507773,0.022784747870466318,0.025872789533678758,0.06161015434715027,0.7161794945595855,0.6883428372020726,0.6116983604145078,0.36685714352331605,0.6601500049740933,0.5323348688082902,3,2.53,0.61,0.19,1.31,1.04,0.36740818797927466,0.32254555632124354,0.18484971559585495,0.1396242938031088,0.36487205554404145,0.14437411044559587,0.8116153461139897,0.7712238685492229,0.5100362615025907,0.3425888360621762,0.8023456287046632,0.27291456699481864,10.015983596373058,7.88466039896373,3.086328038341969,2.166739558031088,9.637343742487046,1.7558846880829015,36.1,33.4,20.7,37.9,41.6,10.5,66,66,67,56,63.7,254.8,7,7.5,8.5,7.5,0.35,40,15,48,1,0,1
Plot 8,8,29,0.0389714657253886,0.03981275998445596,0.05806054246632125,0.022828014637305702,0.024618203528497407,0.05895158323834197,0.7021215916580311,0.7048422669430051,0.6202706456476683,0.3785547325388601,0.6614941497409327,0.5189078821243523,2.33,2.27,0.49,0.14,1.25,1.07,0.36355465046632124,0.3424935750777202,0.18905121564766839,0.1481101815388601,0.3693185916580311,0.14217188684974094,0.7790624178756477,0.785516075284974,0.5180190676165803,0.3657785224663212,0.8088864752331607,0.26092670357512954,9.64101126373057,8.595906236787565,3.1584602999999998,2.347014534715026,10.902510003108807,1.7107783113989636,38.7,31.3,8.4,38.9,43,9.4,68,64,51,56,67,268,8,7.5,8,7.5,0.4,24,17,50,1,0,1
Plot 8,9,34,0.03951387068393783,0.039502499943005184,0.0600606831865285,0.022585473393782383,0.025869748336787565,0.06389452838341969,0.7530807068393783,0.7243157639896373,0.6415400099481865,0.3791300887564767,0.6952174689637305,0.53932624626943,2.53,1.18,0.56,0.09,1.17,0.93,0.4119944332124353,0.36507232398963735,0.2046249803626943,0.1420167539119171,0.40311114450777197,0.1474050119533679,0.8529971753367875,0.8155529975129534,0.5555079412953368,0.37236261922279795,0.8436849576165804,0.2757651470984456,13.196402976683938,10.194626015544042,3.5103576668393783,2.324448805181347,12.578832986528496,1.76569062746114,36,35,14.4,40.2,39.7,11.9,69,56,52,60,124.75,499,9,7.5,7.5,8,0.4,32,18,43,1,0,1
Plot 8,10,33,0.038168410264248706,0.04039377728497409,0.05734749175647668,0.022680906212435237,0.02631430729015544,0.06223305226424871,0.7466234451813472,0.7191730988601037,0.6382546706217617,0.3435095247668394,0.6926597380829016,0.5354130414507772,2.73,1.07,0.94,0.1,1.15,0.82,0.4061302162176166,0.3542224520207254,0.20296868310880828,0.12272163518134716,0.39982899067357514,0.14180663051295336,0.8505122070984455,0.8050501019170985,0.5639404396373057,0.29955971186528496,0.8394472320725389,0.2773805662176166,12.704793522797928,9.478939461658031,3.5915187538860103,1.9294141756476684,11.823163638860104,1.7726832212435233,38.3,36.2,3.4,36.3,40.6,11.2,67,59,53,58,77.49,309.96,8,7.5,8.5,6.5,0.4,32,14,50,1,0,1
